sample_id,source_dataset,target_split,annotation_type,label,original_text,perturbed_text,perturbation_types,random_seed,naturalness_1_to_5,semantic_preservation_yes_no,label_preservation_yes_no,reviewer_notes
sv_da7121d7bca0bba45cdbaf10,tarudesu/VOZ-HSD,train,weak_ai,HATE,Toàn mõm,Toàààn mõm,"[""expressive_lengthening""]",556d5f7d18ebdb30,,,,
sv_41ac9672f4176c0120af7de8,uitnlp/vihsd,test,human,CLEAN,"Khổ bố lân ép cụ quá ,nhưng phải nói cụ còn khỏe và sung lắm ,chứ đâu có lởm khởm như đào tụt quần và phan kỳ nhông","Khổ bố lân ép cụ quá ,nhưng fải nói cụ còn khỏe và sung lắm ,chứ đâu có lởm khởm như đào tụt quần và phaaan kỳ nhông","[""intentional_spelling"", ""expressive_lengthening""]",b1c0c25499bfd451,,,,
sv_a31a62d5a73dbd7d327ac52b,tarudesu/VOZ-HSD,train,weak_ai,HATE,"t chán lắm rồi, tăng x3,4 lần cmnl luôn 1 lần đi lũ lol , thuế thì đớp đéo nhả 1 xu nào, dkm chúng m","t chán lắm rùi, tăăng x3,4 lần cmnl luôn 1 lần đi lũ lol , thuế thì đớp đéo nhả 1 xu nào, dkm chúng m","[""typographical_noise"", ""intentional_spelling""]",cf8bbb3d0cd450d9,,,,
sv_267b58c413e7baa2d3d83099,uitnlp/vihsd,train,human,HATE,Cả nước chống dịch ai cũng như ông này chắc thành Vũ Hán hai,Cả nước chống dịch ai cũng như ông n.ày chắf thành Vũ Hán hai,"[""surface_obfuscation"", ""typographical_noise""]",4a58e0bcee0e30ba,,,,
sv_3ade6179802b4d36e50a066f,tarudesu/VOZ-HSD,train,weak_ai,HATE,"chuẩn, đéo làm gương cho con noi theo mà cầm roi đi xe máy dí nó","chuẩn, đéoo làm gương cho con noi theo mà cầm roi đi xe máy dí nó","[""expressive_lengthening""]",95ad7550e6b8c1af,,,,
sv_f38a757087f768304e5ca3e1,uitnlp/vihsd,validation,human,CLEAN,Nguyễn Trung Kiên liên quân luôn nhá,Nguyễn Trung Kiên liên qân luôn nhá,"[""typographical_noise""]",33d645842ae71f16,,,,
sv_624ca7c9e1ccd4bdec580780,uitnlp/vihsd,test,human,CLEAN,Chuẩn!!,Chuuuuẩn!!,"[""expressive_lengthening""]",afbd6af49658ff01,,,,
sv_d48a39cf56c63ff4752be4f5,tarudesu/VOZ-HSD,train,weak_ai,HATE,"mấy thằng trên này chửi nhà nước chắc não tôm, người ta khuyến khích đẻ là khuyến khích mỗi gia đình đẻ đủ 2 đứa con, chứ đằng này có 2 đứa rồi còn đẻ thêm đứa thứ ba thì kỉ luật là phải r, đéo oan gì cả","mấy thằng trên này chửi nhà nước chắc não tôm, ng ta khuyến khích đẻ là khuyến khích mỗi gia đình đẻ đủ 2 đứa con, chứ đ-ằng này có 2 đứa rồi còn đẻ thêm đứa thứ ba thì kỉ luật là phải r, đéo oan gì cả","[""abbreviation_clipping"", ""surface_obfuscation""]",81a62d8f3f2fd408,,,,
sv_b1f938c91e165a5be8d377e1,tarudesu/VOZ-HSD,train,weak_ai,HATE,sao trận đéo nào mày cũng chửi được thế. Đá mới hơn 20p cơ hội như nhau mà quát cái mồm lên chửi như mấy con mẹ ngoài chợ thế. Đéo hài lòng thì tắt máy ngủ đi chửi chửi cl,sao trận đéo nào mày cx chửi được thế. Đá mới hơn 20p cơ hội như nhau mà quát cái mồm lên chửi như mấy con mẹ ngoài chợ thế. Đéo hài lòng thì tắt máy ngủ đi chửi chửi cl,"[""intentional_spelling""]",0a55a930f52a2d80,,,,
sv_f06c54b1a50d2d7e41c42cf1,tarudesu/VOZ-HSD,train,weak_ai,CLEAN,"tui mua hàng trên 1 trang TMĐT, trang này là trang có tiếng hàng uy tín nhất luôn, mọi ng biết mà phải không nhưng hàng nhận về cái tem nó nhỏ với chữ hơi mờ, thấy nghi quá ta, hình kia là hàng thấy ngoài siêu thị, tem nó to và rõ. hỏi nó thì CSKH của nó gọi lại khẳng định là hàng thật từ U. có ai rành cái này không?","tui mua hàng trên 1 trang TMĐT, trang này là trang có tiếng hàng uy tín nhất luôn, mọi ng biết mà phải hông nhưng hàng nhận về cái tem nó nhỏ với chữ hơi mờ, thấy nghi quá ta, hình kia là hàng thấy ngoài siêu thị, tem nó to và rõ. hỏi nó thì CSKH của nó gọi lạiiii khẳng đị·nh là hàng thật từ U. có ai rành cái này không?","[""surface_obfuscation"", ""expressive_lengthening"", ""phonetic_spelling""]",916b3add0eacccfb,,,,
sv_efc679e5b916b49fdaf25e25,tarudesu/VOZ-HSD,train,weak_ai,CLEAN,"Đơn này bị shipper nháy máy rồi không giao với lý do Không liên lạc được khách, mất dạy thực sự. Điện thoại mình đang cầm trên tay, nó nháy máy rồi tắt luôn. Đơn đặt trong nội thành TPHCM mà 4 ngày chưa nhận được hàng, vcl.","Đơn này bị shipper nhááy máy rồi ko giao với lý do Hổng liên lạc được khách, mất dạy thực sự. Điện thoại mình đang cầm trên tay, nó nháy máy rồi tắt luôn. Đơn đặt trong nội thành TPHCM mà 4 ngày chưa nhận được hàng, vcl.","[""dialectal_writing"", ""expressive_lengthening"", ""abbreviation_clipping""]",c103349b9a0ea649,,,,
sv_e969d18827372110666d3e20,uitnlp/vihsd,train,human,CLEAN,Ông Trần Dần lại muốn về Việt Nam đó mấy bạn cccđ ạ.không có tiền về Việt Nam sống thì phải chịu thôi chứ về Việt Nam sống và chết tại quê cha đất mẹ vẫn thấy thanh thản hơn.,Ông Trần Dần lại muốn về Việt Nam đó mấy fen cccđ ạ.không có tien về Biệt Nam sống thì phải chịu thôi chứ về Việt Nam sống và chết tại quê cha đất mẹ vẫn thấy thanh thản hơn.,"[""typographical_noise"", ""diacritic_variation"", ""slang_lexical""]",3a086a5dfeced2c0,,,,
sv_7c6e250f5ad7f32202148b46,uitnlp/vihsd,train,human,CLEAN,Vũ đạo đỉnh cao hơn cả Lẹc Pin,Vũ đạo đỉnh cao hơn cảảả LẹcPin,"[""expressive_lengthening"", ""boundary_variation""]",888146b637971949,,,,
sv_82f3b4784b2a76a9aca894fc,uitnlp/vihsd,train,human,CLEAN,Tùng sói độ phùng trang mixi Đứa thứ 2 tên gì ngầu đây ta,Tùng sói độ phùng trnag mixi Đứa thứ 2 tên gì ngầu day ta,"[""typographical_noise"", ""diacritic_variation""]",bcafe36b2b2afbb2,,,,
sv_fa13e803513ef92b2b593f7a,uitnlp/vihsd,train,human,CLEAN,Quang Nghĩa tính tiền cho anh ba,Quang Nghĩ·a tính tiền cho aaaanh ba,"[""surface_obfuscation"", ""expressive_lengthening""]",a0f0b4c8a2919bc2,,,,
sv_972a12569114008c0f6b0bc5,tarudesu/VOZ-HSD,train,weak_ai,HATE,"Vkl, 10cm bằng lúc em chưa *ứng nữa , ông nào làm thống kê ngu học thế","Vkl, 10cm bằng lúc em chưa *ứng nữa , ôngnào làm thống kê ngu học thế","[""boundary_variation""]",370756ba95dc090d,,,,
sv_b9455df4603b899effe48e2e,tarudesu/VOZ-HSD,train,weak_ai,HATE,"Chúng nó nói chuyện với nhau chứ có nói cho ông nghe đâu mà ý kiến! Bao giờ chúng nó nói với ông bà cha mẹ thầy cô mà người ta không hiểu thì ông hẵng chửi! Mà toàn các vozer ít học, bảo thủ đi bày đặt thượng đẳng.","Chúng nó nói chuyyện với nhau chứ có nói cho ông nghe đâu mà ý kiến! Bh chúng nó nói với ông bà cha mẹ thầy cô mà người ta không hiểu thì ông hẵng chửi! Mà toàn các vozer ít học, bảo thủ đi bày đặt thư ợng đẳng.","[""expressive_lengthening"", ""context_dependent"", ""boundary_variation""]",22c86ba3b6612027,,,,
sv_66c94c22d6abcd01a373e88c,tarudesu/VOZ-HSD,train,weak_ai,HATE,"Ngu hết phần chó. Ca này chỉ có văn vở cho qua thôi chứ biết làm sao. Mà có qua được cc, dăm bữa nửa tháng nó lại khều lại","Ngu hết phần chó. Ca này chỉỉỉ có văn vở cho qua tôi chứ biết làm sao. Mà có qua được cc, dăm bữa nửa tháng nó lại khều lại","[""typographical_noise"", ""expressive_lengthening""]",7378d51ef9f54f72,,,,
sv_3d82bb5bcb961cd8deb43458,tarudesu/VOZ-HSD,train,weak_ai,CLEAN,"Người có số đào hoa thì kể cả có xấu tí thì thu hút người khác phái chả khác mật ngọt hút ruồi. Trước chơi với con bạn cùng cảnh mà nó méo xinh gì nhưng ma lực hút zai thì kinh hồn, thằng chồng ly di rồi mà cứ đòi quay lại, mấy thẳng ít tuổi hơn cứ tán lấy tán để, đến nỗi nó khai gian tuổi","Ng có số đào hoa thì kể cả có xấu tí thì thu hút người khác phái chả khác mật ngọt hút ruồi. Trước chơi với con bạn cùng cảnh mà nó méo xinh gì nhưng ma lực hút zai thì kinh hồn, thằng chồng ly di rồi mà cứ đòi quay lại, mấy thẳng ít tuổ-i hơn cứ tán lấy tán để, đến nỗi nó khai gian tuổi","[""abbreviation_clipping"", ""surface_obfuscation""]",289a1cb0a570d494,,,,
sv_2aec18130ea6cf9ab17cde5f,tarudesu/VOZ-HSD,train,weak_ai,HATE,"Bọn bò đỏ với comcom nhắm tầm 1-2 tuần là bị đào thải khỏi cái voz. Còn nếu chúng quá đông như trên facebook thì thôi rồi, ngày tàn của 4rum đã đến","Bọn bò đỏ với comcom nhắm tầm 1-2 tuần là bị đào thải khỏi cái voz. Còn nếu chúng quá đông như trên facebook thì thôi rồi, ngày tàncủa 4rum đã đến","[""boundary_variation""]",240465c2b0d64dd3,,,,
sv_e9eb67fbec693f88c8c580ba,tarudesu/VOZ-HSD,train,weak_ai,HATE,3 cái danh hiệu dbrr cũng so sánh,3 cái danh hiệu dbrr cung so sánh,"[""diacritic_variation""]",211126b7ee83a66d,,,,
sv_dd13972f3e6f4470cf454d1d,tarudesu/VOZ-HSD,train,weak_ai,CLEAN,Vẫn là từ nghèo mà ra nhỉ.,Vẫn là từ ngheo mà ra nhỉ.,"[""diacritic_variation""]",c720af2547191601,,,,
sv_1f3af59cff3a0a0c4f3ce025,uitnlp/vihsd,train,human,CLEAN,t đồng ý vs cách này,t đồg ý vs cáách này,"[""typographical_noise"", ""expressive_lengthening""]",4796c4a6cbfdba0e,,,,
sv_f8ddd3b265f65bbd582366d4,tarudesu/VOZ-HSD,train,weak_ai,HATE,"Kêu bả ác hay thế nào thì đúng chứ phản phúc cc gì fen, làm công ăn lương 15 năm chứ ở đó ngồi không méo làm gì hay sao mà bảo người ta phản phúc. Nhà kia với bả coi như quan hệ win win chứ mịa gì mà phúc hay không.","Kêu bả ác hay thế nào thì đúng chứ phản phúc cc gì fen, làm công ăn lương 15 năm chứ ở đó ngồi không méo làm gì hay sao mà bảo người ta phản phúc. Nhà kia với bả coi như quan hệ win win chứ mịa j mà púc hay không.","[""typographical_noise"", ""intentional_spelling""]",492518ee372509f3,,,,
sv_4b7296d56bfbc56179096beb,uitnlp/vihsd,test,human,CLEAN,"lau lau cai duong lai thay day da ,hiem lam csgt moi phat hien","lau lau cai dung lai thayyyy day da ,h·iem lam csgt moi phat hien","[""typographical_noise"", ""surface_obfuscation"", ""expressive_lengthening""]",91b16a3748dcf80c,,,,
sv_b4d1eb88a6aad5b0477fe693,tarudesu/VOZ-HSD,train,weak_ai,HATE,Mẹ thằng Linh gỗ quá,Mẹẹẹ thằng Linh gỗ quá,"[""expressive_lengthening""]",2feba9609bdb77cc,,,,
sv_1ab82df882b3e0dc989da32d,tarudesu/VOZ-HSD,train,weak_ai,HATE,Thằng này bị thần kinh à,Thằng này bị than ki·nh à,"[""diacritic_variation"", ""surface_obfuscation""]",659d2a2da25758d6,,,,
sv_39fcf04aeaddd4d87e4bc950,uitnlp/vihsd,train,human,CLEAN,Hồ Văn Kiệt bạn có biết khoảnh khắc kì diệu này ở video nào ko ạ?,Hồ Văn Kiệt fen có biết kho ảnh khắc kì diệu này ở video nào ko ạ?,"[""boundary_variation"", ""slang_lexical""]",87f21867a527212e,,,,
sv_22067aa3d3153a0c8a8a62d3,tarudesu/VOZ-HSD,train,weak_ai,HATE,"moá, mấy thằng anti súc vật thế","moá, mấy thằng anti súc vậậật rứa","[""dialectal_writing"", ""expressive_lengthening""]",73e43747b0a53f2a,,,,
sv_29b54e2e62ebf5767518b4de,tarudesu/VOZ-HSD,train,weak_ai,HATE,"Cười vcl con hàng nhà nước ăn hại này, âm vcsh chục ngàn tỷ. Mà cũng một đám bi bô đầu với chả tư. Đợt sau tết nó nhử cho 2 cây trần là một đám lao vào ôm, giờ không biết đã kịp thoát hàng chưa. Hay tới đây lại ôm hận dài.","Cười vcl con hàng nhà nước ăn hại này, âm vcsh fhục ngàn tỷ. Mà cũng một đám bi bô đầu với chả tư. Đợt sau tết nó nhử cho 2 cây trần là một đám lao vào ôm, giờ không biết đã kịp thoát hàng chưa. Hay tới đây lại ôm hận dài.","[""typographical_noise""]",55bd68650ab7c4d9,,,,
sv_96480eb1c300f6e9401207fd,tarudesu/VOZ-HSD,train,weak_ai,CLEAN,giá rẻ chỉ có thế thôi,giá rẻ chỉ co thế thui,"[""phonetic_spelling"", ""diacritic_variation""]",b03786a3595d7fcb,,,,
sv_a14f08840840f64e3ce5f5cb,tarudesu/VOZ-HSD,train,weak_ai,HATE,"Ấy, gọi là súc vật là chúng nó nhảy dựng lên chửi đấy, như chửi đ** mẹ chúng nó vậy, có khi còn gắt hơn.","Ấy, gọi là súc vật là chúng nó nhảy dựng lên chửi đấy, như chửi d** mẹẹ chúng nó vậy, có khi còn gắt hơn.","[""expressive_lengthening"", ""diacritic_variation""]",c5e88d3018aeed54,,,,
sv_b322918387e867154818773a,tarudesu/VOZ-HSD,train,weak_ai,HATE,"Gài đéo gì, vào link mà đọc hết bài báo!","Gài đéo gì, vào lik mà đọc hết bàààài báo!","[""typographical_noise"", ""expressive_lengthening""]",4d436130ca323654,,,,
sv_4891c5f80f50d7f10a76076e,tarudesu/VOZ-HSD,train,weak_ai,CLEAN,"Dùng oled rồi chả wan tâm mấy loai kia, tv to cỡ 98"" thì có thể","Dùng oled rồi chảảảả wan tâm mấy loai kia, tv to cỡ 98"" thì có thể","[""expressive_lengthening""]",693eb6add9780052,,,,
sv_ff13d6be926a6457a8699407,tarudesu/VOZ-HSD,train,weak_ai,HATE,mày ko thấy mới có 2 pages mà đã có những ý kiến trái chiều nhau rồi à? Mà mày nhảy vào đọc mấy dòng của tao lại phán là tao thế này thế nọ? Thằng khùng.,mày ko thấy mới có 2 pages mà đã có những ý kiến trái chiều nhau rồi à? Mà màynhảy vào đọc mấy dòng của tao lại phán là tao rứa này thế nọ? Thhằng khùng.,"[""dialectal_writing"", ""typographical_noise"", ""boundary_variation""]",0d38141e1a08116c,,,,
sv_6460060a3c34bb495fa6213e,uitnlp/vihsd,train,human,CLEAN,Chúc cho team REFUND GAMING và những ai thấy ảnh này 1 năm mới ấm áp bên gia đình và những người mình thương nhé 🥰🥰,Chúc cho team REFUND GAMING và những ai t~hấấấy ảnh này 1 năm mới ấm áp bên gia đình và những người mk thương nhé 🥰🥰,"[""expressive_lengthening"", ""abbreviation_clipping"", ""surface_obfuscation""]",9c30009599b9411a,,,,
sv_c8d012d585a4da6d20169594,tarudesu/VOZ-HSD,train,weak_ai,HATE,"*** mẹ con chó laturo, *** mẹ con chó quạ đặt tít như ***","*** mẹ con chó laturo, *** mẹ con chó quạ đặt tít nhưưưư ***","[""expressive_lengthening""]",9a37309671510f74,,,,
sv_d28f376d8079c35c67c93834,tarudesu/VOZ-HSD,train,weak_ai,HATE,lũ mất dạy,lu mấấất dạy,"[""expressive_lengthening"", ""diacritic_variation""]",46490a2a3ea2ba3b,,,,
sv_bce0445fb22992836606699e,uitnlp/vihsd,train,human,CLEAN,Chơi mua mấy mô hình đồ chơi khoảng từ triệu đến chục triệu,Chơi mua mấy mô hình đồ chơi kho ảng từ truệu đến chục triệu,"[""boundary_variation"", ""typographical_noise""]",a0edcbf45952423f,,,,
sv_6125c45b4be766d251b6b0bf,tarudesu/VOZ-HSD,train,weak_ai,HATE,Loại bá dơ,Loạạạibá dơ,"[""boundary_variation"", ""expressive_lengthening""]",cc8a7e390911e59a,,,,
sv_f3e32411306ab2e05f65c3a6,tarudesu/VOZ-HSD,train,weak_ai,HATE,Park lợn cút mẹ luôn đi.,Park lợn cúút me luôn đi.,"[""expressive_lengthening"", ""diacritic_variation""]",c732dfc499c1302b,,,,
sv_216fb12141ac290e968da952,uitnlp/vihsd,validation,human,CLEAN,Miền Tây yêu dấu của tui,Miềền Tây yêu dấu của tui,"[""typographical_noise""]",f66afd03e1fb1a46,,,,
sv_8d4effeac282dfae802f305f,tarudesu/VOZ-HSD,train,weak_ai,HATE,"sáng tạo cái mới,đi lấy cái cũ vẽ cc qq gì tá lả ,đéo hiểu thời nay nghĩ gì nữa,này cũng là 1 kiểu bánh vẽ","sáng tạo cái mới,đi lấy cái cũ vẽ cc qq gi tá lả ,đéo hiểu thời nay nghĩ gì nữa,này cũng là 1 kiểu bánh vẽ","[""diacritic_variation""]",4fb282199cf3f729,,,,
sv_e76a2962ef18635da5087406,tarudesu/VOZ-HSD,train,weak_ai,HATE,Tao nói cái nào 3 xu ? Fan thằng tùng thể loại gì thì cũng biết,Tao nói cái nào 3 xu ? Fan thằng tùng thể loại gì thì cx biết,"[""intentional_spelling""]",1a003239d0524786,,,,
sv_3e00d42516e004fbe3e9bb2e,uitnlp/vihsd,train,human,CLEAN,khổ thân cmt ko ai like cho lên top,khổ thân cmt ko ai like cho lêêêên top,"[""expressive_lengthening""]",68db2624e5cf737d,,,,
sv_0199589ba2b2c5d357917d50,tarudesu/VOZ-HSD,train,weak_ai,CLEAN,Khi chính sách nó free thì tôi là món hàng,Khi chhính sác~h nó free thì tôi là mónhàng,"[""surface_obfuscation"", ""typographical_noise"", ""boundary_variation""]",bf016a4640aa6df7,,,,
sv_4b7d18384e2e04540bcfe6c1,uitnlp/vihsd,train,human,HATE,Toàn là xạo lôz :))) sủa ko lại đi block nhau còn bày đặt tự do với chả ngôn lù ngôn luận,Toàn là xạo lôz :))) sủa ko lại đi block nhau còn bày đặt tự do với cha ngôn lù ngôn luận,"[""diacritic_variation""]",eebb6188c026b73a,,,,
sv_1db1e353db506f6e99ca485e,tarudesu/VOZ-HSD,train,weak_ai,HATE,Thằng ngu này đợt xuống hà lội làm kế toán chả bị thằng wenbie nó đấm cho to đầu ra chứ quan hệ gì,Thằng ngu này đợtxuống hà lội làààm kế toán chả bị thằng wenbie nó đấm cho to đầu ra chu quan hệ gì,"[""expressive_lengthening"", ""diacritic_variation"", ""boundary_variation""]",65ca6664b6402bd1,,,,
sv_6cfe388f4832c30b13dcfae2,uitnlp/vihsd,train,human,CLEAN,Thuỷ Tiênn,Thuỷ Tiêênn,"[""expressive_lengthening""]",2a2184c2d34fe2ad,,,,
sv_eff6479ed03b6e6134874b84,tarudesu/VOZ-HSD,train,weak_ai,CLEAN,Cáo chê nho,Cááo chê nho,"[""expressive_lengthening""]",fb9a640e6c531c09,,,,
sv_321956ac2d7b2fa767d2e957,tarudesu/VOZ-HSD,train,weak_ai,HATE,Tàu - concho mõm,T-àu - conccho mõm,"[""typographical_noise"", ""surface_obfuscation""]",a3903e1bfd83220d,,,,
sv_9e45edafc8822fb284a48909,tarudesu/VOZ-HSD,train,weak_ai,HATE,Đừng xem nữa bạn ơi ! Biết c*t nó thối mà vẫn cố ngửi vậy nhỉ !,Đừng xem nữa fen ơi ! Biết c*t nóthối ma vẫn cố ngửi vậy nhỉ !,"[""slang_lexical"", ""diacritic_variation"", ""boundary_variation""]",9b1478eee1159353,,,,
sv_c34c0975e16929cbcff37d5d,uitnlp/vihsd,train,human,CLEAN,Át này là vợ lão Tô Huy Rứa đấy,Át nay là vợ lão Tô H~uy Rứa đấy,"[""diacritic_variation"", ""surface_obfuscation""]",aa5d09ab69f7c8b4,,,,
sv_7df8b1fc38476ee91ad35c47,tarudesu/VOZ-HSD,train,weak_ai,HATE,"Sặc giống nhỉ , con mụ đó ăn chơi mà rẻ rách ghê","Sặc giống nhỉ , con mụ đó ăn chơi mà rẻ rách g·hê","[""surface_obfuscation""]",6d4a8efbbd6373c7,,,,
sv_56cab9d443b3f0e001f88b1a,tarudesu/VOZ-HSD,train,weak_ai,HATE,"full sức mạnh bà bánh quy đập thằng bom ra bã chứ, thằng đồng bọn ăn 1 hit đi bụi rồi, bả cho thằng gon tập sự thôi.","full sức mạnh bà bánh quy đập thằng bom ra bã chứ, thằng đồngbọn ăn 1 hit đi bụi rùi, bả cho thằng gon tập sự thôi.","[""intentional_spelling"", ""boundary_variation""]",b2b46cc75488b145,,,,
sv_ccbf16135b68b8038c380c14,tarudesu/VOZ-HSD,train,weak_ai,CLEAN,"thuốc tê hết nhanh nha bác, em bị may sống lúc hết thuốc tê đây.Nếu lái xe ô tô thì ok còn xe máy thì thôi nên khuyên đi xe khách càng sạch càng tốt nhé.Để mốt em rảnh làm 1 bài viết quá trình đi khám và tiểu phẩu thế nào cho các bác kham khảo","thuốc tê hết nhanh nha bá~c, em bị may sống lúc hết thuốc tê đây.Nếu lái xe ô tô thì ok coon xe máy thì thôi nên khuyên đi xe khách càng sạch càng tốt nhé.Để mốt em rảnh làm 1 bài viết quá trình đi khám và tiểu phẩu thế nào cho các bác kham khảo","[""expressive_lengthening"", ""surface_obfuscation"", ""diacritic_variation""]",10b1ed1baafd096d,,,,
sv_e35a02084642d434d6481cea,tarudesu/VOZ-HSD,train,weak_ai,HATE,"đọc lúc đầu tưởng thật nè thím, cml lấy ở đâu rồi post câu view, mai này nó dính thật cho ccmd.","đọc lúc đầu tưởng thật nè thím, cml lấy ở đâu rồi post câu view, mai này nó dính t_hật choo ccmd.","[""expressive_lengthening"", ""surface_obfuscation""]",87d0559e10af44ba,,,,
sv_09edba53a123210d51592ba2,tarudesu/VOZ-HSD,train,weak_ai,CLEAN,Sao lúc đầu dịch doanh thu gấp 10 ko lên khoe?,Sao lúc đầu dịch doanh thu gấp 10 koolên khoe?,"[""expressive_lengthening"", ""boundary_variation""]",db55c1ab4345b36e,,,,
sv_1effda0b9d297e9d365ca530,uitnlp/vihsd,train,human,HATE,cú có Gai🤣,cú có Gaii🤣,"[""expressive_lengthening""]",d38219e506659035,,,,
sv_bbfdeb83a2c1eefdae2fc97f,tarudesu/VOZ-HSD,train,weak_ai,HATE,Kiểu éo gì cũng phải nhét 1 thằng Anh lợn vô được Đúng là bóng đá mà đá bằng mồm chắc Anh vô địch vũ trụ,Kiể.u éo gì cũng phải nhét 1 thằng Anh lợn vô đc Đúng là bóng đá mà đá bằng mồồồm chắc Anh vô địch vũ trụ,"[""expressive_lengthening"", ""surface_obfuscation"", ""abbreviation_clipping""]",d169d08839401cdf,,,,
sv_47b9acb450bc6480a6bf16f4,tarudesu/VOZ-HSD,train,weak_ai,HATE,còn cái loại đéo trả lời dc còn vô thả 1 câu tỏ ra nguy hiểm cũng nên cút về cái ổ tinhte mà thủ dâm,còn cái loại đéo trảlời dc còn vô thả 1 câu tỏ ra nguy hiểm cũng nên cút về cái ổ tinhte mà thủ dâm,"[""boundary_variation""]",73a01a367ca3f88e,,,,
sv_36d29f4e5fe616a3d1531eec,tarudesu/VOZ-HSD,train,weak_ai,HATE,"Bát bát ccc, up tấm hình lên cao to đẹp trai hơn trư thì nói chuyện bát boi, hay toàn mấy thằng ảo tưởng xạo lol :","Bát bááát ccc, up tấm hình lên cao to đẹp trai hơn trư thì nc bát boi, hay toàn mấy thằng ảo tưởng xạo lol :","[""expressive_lengthening"", ""abbreviation_clipping""]",b9d35ca77b9a5012,,,,
sv_ca4ece9b7a2ec89da00b2883,tarudesu/VOZ-HSD,train,weak_ai,HATE,Mấy con bò lại chuẩn bị mang tỉ trọng dịch vụ chiếm 80% ra bây giờ đó.,Mấy con bò lại chuẩn bị mang tỉ trọng dịch vụ chiiiếm 80% ra bây giờ đó.,"[""expressive_lengthening""]",c78f281199c4a091,,,,
sv_bc7db96ae2eb97932953c638,tarudesu/VOZ-HSD,train,weak_ai,CLEAN,442 kim cương nhé my pence,442 kim cươn_gnhé my pence,"[""boundary_variation"", ""surface_obfuscation""]",6f71c894683f981b,,,,
sv_ac4528806afd1a4b3d617970,tarudesu/VOZ-HSD,train,weak_ai,HATE,"Vãi lol trao quyền lực, vai trò lãnh đạo , trách nhiệm cho bọn thất học, lười học, học dốt, lêu lổng ko vào đc đại học xong làm công nhân. Hèn chi hòa bình 45 năm vẫn éo phát triển nổi.","Vãi lol trao quyền lực, vai trò lãnh đạo , trách nh·iệm cho bọn thất học, lười học, học dốt, lêu lổng kooo dzô đc đại học xong làm công nhân. Hèn chi hòa bình 45 năm vẫn éo phát triển nổi.","[""expressive_lengthening"", ""surface_obfuscation"", ""dialectal_writing""]",9a39eb5d4098a83e,,,,
sv_10887491e401b1a1b36613b7,tarudesu/VOZ-HSD,train,weak_ai,CLEAN,"Trả vàng chứ thím, nó nói nào có mới trả, mà cưới xong nó bán lấy vốn đi buôn, rồi 2 vk ck im ru đến giờ luôn, gần 1 năm rồi, B bây giờ đang cần tiền","Trả vàng chứ thím, nó nói nào có mới trả, mà cưới xong nó bán lay vốn đi buôn, rôôôồi 2 vk ck im ru đến giờ luôn, gần 1 năm rồi, B bây giờ đang cần tiền","[""expressive_lengthening"", ""diacritic_variation""]",75ec18b7f120ceff,,,,
sv_e792014382cacefcd6810fab,tarudesu/VOZ-HSD,train,weak_ai,HATE,Teo cmn ch**,Te.o cmn ch**,"[""surface_obfuscation""]",7a9c484a8c2392f8,,,,
sv_da7c366a8a49fa3fbdc1facd,uitnlp/vihsd,train,human,CLEAN,Quang Nguyễn Đức tiếp xúc khoảng mười mấy ng á b.. Đc đưa đi cách ly rồi.. Phan thiết bị phong tỏa mấy đoạn đường cơ 😭😥,Quang Nguyễn Đức tiếp xúc khoảng mười mấy ng á b.. Đc đưa đi cách ly rồiii.. Pan thiết bị phong toa mấy đoạn đường cơ 😭😥,"[""expressive_lengthening"", ""diacritic_variation"", ""typographical_noise""]",83674bd25a89c0e2,,,,
sv_3d33216daef2282e9933203c,tarudesu/VOZ-HSD,train,weak_ai,CLEAN,Cái này có phải cái cầu bị nứt mà kêu là hiệu ứng 3d không nhỉ,Cái này có p~hải cái cầu bị nứt mà kêu là hiệu ứng 3d hong nhỉ,"[""surface_obfuscation"", ""phonetic_spelling"", ""diacritic_variation""]",3f79ac3b78b3c542,,,,
sv_e16c6b0888ce92b17dde598b,uitnlp/vihsd,train,human,CLEAN,Thanh niên chắc cắn móng tay nhiều quá :))),Thanh niên chắc can móng tay nhiều qá :))),"[""intentional_spelling"", ""diacritic_variation""]",25b8cc259b1e3474,,,,
sv_37214ec5f19d1811e66a9073,tarudesu/VOZ-HSD,train,weak_ai,CLEAN,"Kinh cl, ăn chưa đúng chỗ, ko biết cách ăn thôi. Mà chợ đêm bán cơm tô là cho dân lao động, vì thiếu bàn ghế nên bán cơm trong tô, dùng tô ăn để khỏi đổ. Đố đứa nào có thể vừa ngồi xổm vừa bưng dĩa để ăn","Kinh cl, ăn chưa đúng chỗ, ko bt cách ăn thôi. Mà chợ đêm bán cơm tô là cho dân lao động, vì thiếu bàn ghế nên bán cơm trong tô, dùng tô ăn để khỏi đổ. Đố đứa nào có thể vừa ngồi xổm vừa bưng dĩa để ăn","[""abbreviation_clipping""]",f492e0836edbfed6,,,,
sv_c2afb460997814370eb42f38,tarudesu/VOZ-HSD,train,weak_ai,HATE,Đị t mẹ mày thằng ngu - South Gates said.,Di t mẹ màythằng ngu - South Gates saiiiid.,"[""diacritic_variation"", ""boundary_variation"", ""expressive_lengthening""]",db5e715f5810b4f8,,,,
sv_389b4658acd6ecaf29620933,tarudesu/VOZ-HSD,train,weak_ai,HATE,Thôi chứ định làm ccc gì nữa.,Thôi chứ định làm ccc gì nữaa.,"[""expressive_lengthening""]",bf951092c3ff808b,,,,
sv_848c6cc1c6f102ec73c56a12,uitnlp/vihsd,train,human,CLEAN,Ai yêu thắm thì phải mang thắm đi khắp nơi chứ. Nhận in ốp cho mọi dòng máy (2D 3D silicon) và silicon iphone có sẵn. Liên hệ fb em hoặc insta _the.case để xem thêm nhiều mẫu nháaaa ❤️😘,Ai yêu thắm thì fải mang thắm đi khắp nơi chứ. Nhận in ốp cho mọi dòng may (2D 3D silicon) và silicon iphone có sẵn. Liên hệ fb em hoặc insta _the.case để xem thêm nhiều mẫu nháaaa ❤️😘,"[""intentional_spelling"", ""diacritic_variation""]",c3ee81456c60b894,,,,
sv_68e06fb8498c1ef4a5e22d3e,tarudesu/VOZ-HSD,train,weak_ai,HATE,Dkm mới đây đã dc lên sóng rồi Nó đọc trúng bài tôi thấy soi kỹ vl. Chắc cay lắm vì đéo thể cãi dc,Dkm mới đây đã dc lên sóng rồi Nó đọc trúng bài tôi thấy soi kỹ vl. Chắc cay lắm vì đéo thể cãiii dc,"[""expressive_lengthening""]",83ad456f42806aec,,,,
sv_935a150760414f8fec56f624,uitnlp/vihsd,train,human,CLEAN,Lương Kiều Trúc Uyên phải quyên góp 1/2 tài sản để phòng chống dịch tại nó mang dịch về,Lương Kiều Trúc Uyên fải quyn góp 1/2 tàiiii sản để phòng chống dịch tại nó mang dịch về,"[""typographical_noise"", ""expressive_lengthening"", ""intentional_spelling""]",a1f40174e602aa2d,,,,
sv_a4ce442d2f0608a119e174bb,tarudesu/VOZ-HSD,train,weak_ai,HATE,"Hạn cái đuồi bầu, chơi đồ thì nói mẹ ra hạn hạn cl","Hạn cái đuồi bầầầầu, cơi đồ thì nói mẹ ra hạn hạn cl","[""expressive_lengthening"", ""typographical_noise""]",ca1dee45f233615a,,,,
sv_89a45d58fe451190bbcfbe2c,uitnlp/vihsd,train,human,HATE,Làm ăn như cc,Làm ăn nh~ưư cc,"[""expressive_lengthening"", ""surface_obfuscation""]",7cd27101f2fe50ee,,,,
sv_318eda3b77f7825419847be7,tarudesu/VOZ-HSD,train,weak_ai,CLEAN,"Ku Diaz về thì dễ sang hè là tiễn Mane lên đường lắm , Mane h đá đuối lắm rồi","Ku Diaz về thì dễ sang hè là tiễn Mane lên đường lắm , Mane h đá đuối lắm rồồồi","[""expressive_lengthening""]",13bd97e2436c67de,,,,
sv_d1b0251563510b4add585018,tarudesu/VOZ-HSD,train,weak_ai,CLEAN,Thời đại nào còn phải tán gái bác. Giờ là phải để gái nó tán. Cứ tỏ ra lạnh lùng boy vào,Thời đại nào còn phai tán gái bác. Giờ là phải để gái nó tán. Cứ tỏ ra lạnh lùng boy vào,"[""diacritic_variation""]",0b288229aacd8273,,,,
sv_ac9d900eb28869b49659de73,uitnlp/vihsd,validation,human,CLEAN,Anh kêu lương tháng 7-8 triệu sao chơi cả cua Hoàng Đế thế 😂,AAAnh kêulương tháng 7-8 triệu sao chơi cả cua Hoàng Đế rứa 😂,"[""dialectal_writing"", ""boundary_variation"", ""expressive_lengthening""]",dfb01f8391484b66,,,,
sv_4844a3aebbb77d5edf22698a,tarudesu/VOZ-HSD,train,weak_ai,HATE,Diss chết mẹ mấy thằng rap dở trong hội quán đi vị huynh đài Chờ gì,Diss chết mẹ mấy thằ ằằng rap dở trong hội quán đi vị huynh đài Chờ j,"[""expressive_lengthening"", ""intentional_spelling"", ""boundary_variation""]",c4bfa075653a6aef,,,,
sv_4d151f58b8db15c3262947e2,tarudesu/VOZ-HSD,train,weak_ai,HATE,"Đây mới là nc mắt của thg đàn ông, chứ đéo phải thg quái thai bán nam, nc mắt cá sấu, khóc nhè để dc chú ý","Đây mới là nc mắt của thg đàn ông, chứ đéo phải thg quái thai bán nam, nc mắt cá sấu, k·hóc nhè để dc chú ý","[""surface_obfuscation""]",008876177ab90c34,,,,
sv_b575429d45f631dad684add4,uitnlp/vihsd,test,human,CLEAN,Hưng Phạm sao mình nhập nó bảo nhận đc huy hiệu jax rồi mà vào game lại k thấy b nhỉ,Hưng Phạm sao mnh nhập nó bảo nhận đc huy hiệu jax rồi mà vào game lại k thấy b nhỉ,"[""typographical_noise""]",bc1de6f24d10816c,,,,
sv_fcef3317f3e3793b29f54bb8,tarudesu/VOZ-HSD,train,weak_ai,HATE,Thằng này đéo có xe vào đây xạo ln` rồi,Thằằằằng này đéo có xe vào đâyxạo ln` rồi,"[""expressive_lengthening"", ""boundary_variation""]",4b0e0ea45fa9e135,,,,
sv_83526222dc496b3e642625c8,tarudesu/VOZ-HSD,train,weak_ai,CLEAN,"Nói đi cũng phải nói lại. IT có lợi thế là job nhiều đó mấy thím. Kỳ rồi mình có con bạn học kinh tế bị mất job do covid. Cũng lang thang lên mấy trang tìm việc kiếm job thư ký, kế toán vp cho nó.","Nói đi cx phải nói lại. IT có lợi thế là job nhiềều đó mấy thím. Kỳ rồi mk có con bạn học kinh tế bị mất job do covid. Cũng lang thang lên mấy trang tìm việc kiếm job thư ký, kế toán vp cho nó.","[""intentional_spelling"", ""abbreviation_clipping"", ""expressive_lengthening""]",e60b12df329f2173,,,,
sv_db971504df357a1f50811e61,tarudesu/VOZ-HSD,train,weak_ai,HATE,Các anh ignore con súc vật bait ngu đi nhé,Các anh ignore con súc vật bai.t ngu đi nhé,"[""surface_obfuscation""]",921dd0c2b4989972,,,,
sv_b17342b074d0b383fbddc3f2,tarudesu/VOZ-HSD,train,weak_ai,HATE,đcm mấy thằng nhà giàu (,đcm mấy thnằg nhà giàu (,"[""typographical_noise""]",0913c80b22dbd178,,,,
sv_f2bfb9ad3af69b379ddb2e62,uitnlp/vihsd,train,human,CLEAN,má ba đẹp mà chử hay quá,má ba đẹp mà chử hay wáááá,"[""intentional_spelling"", ""expressive_lengthening""]",c51d0d684788bbd8,,,,
sv_5315f85bf112971e5e84f6c9,tarudesu/VOZ-HSD,train,weak_ai,CLEAN,Nếu anh không chê thì tôi có thể phụ 1 anh Ngọc 1 chút,Nếu anh ko chê thì tôi có th·ể phụ 1 anh Ngọc 1 chút,"[""abbreviation_clipping"", ""surface_obfuscation""]",325ca4c0fda05b3e,,,,
sv_a183e3d801b2ed58b390cc7b,tarudesu/VOZ-HSD,train,weak_ai,HATE,"Ôi thêm thằng ngu này nữa. Mày bảo định hướng là xem video ? Vậy cho tao hỏi những video nhạc tổng hợp chỉ để 1 cái hình thì mày phải ngồi nhìn cái hình đó cả tiếng đồng hồ hả ? Chưa kể có những bài, thể loại nhạc mà 2 cái mày nói không có đấy. Mà mày bảo chức năng ? Youtube bảo mày phải dán mắt vô xem chứ k nghe ha gì ? Và mày làm răm rắp theo ? Thấy ngu chưa ?","Ôi thêm thằng ngu này nữa. Mày bảo đnịh hướng là xem video ? Vậy cho tao hỏi những video nhạc tổng hợp chỉ để 1 cái hình thì mày phải ngồi nhìn cái hình đó cả tiếng đồng hồ hả ? Chưa kể có những bài, thể loại nhạc mà 2 cái mày nói hông có đấy. Mà mày bảo chức năng ? Youtube bảo mày phải dán mắt vô xem chứ k nghe ha gì ? Và mày làm răm rắp theo ? Thấy ngu chưa ?","[""typographical_noise"", ""phonetic_spelling""]",460be31d52a85793,,,,
sv_2680bdc123a030c209cd50a1,tarudesu/VOZ-HSD,train,weak_ai,CLEAN,"căn bản nhà e có ô tô, mà kiếm cái nhà 5 6 tỷ ô tô vào nhà lại còn ở gần khoai quá","căn bản nhà e có ô tô, mà k·iem cái nhà 5 6 tỷ ô tô vào nhà lại còn ở gần khoai wá","[""surface_obfuscation"", ""diacritic_variation"", ""intentional_spelling""]",d9ccfa53dd88a2bf,,,,
sv_7660853f85c5e4ad0e53cb1f,uitnlp/vihsd,train,human,CLEAN,Sống chậm thôi các bạn 😑,Sống chậmthui các bạn 😑,"[""phonetic_spelling"", ""boundary_variation""]",b49fbde048de6a80,,,,
sv_257539e04443df1dc4b1a37b,uitnlp/vihsd,test,human,CLEAN,Tôi phục 2 mc có thể ngồi nói chuyện trong khoảng thời gian dài vậy.,Tôi phục 2 mc có thể ngồi nc trong khoảng thời gian dài vậy.,"[""abbreviation_clipping""]",dd97b60583246688,,,,
sv_ad588e81df23a159ef4fa537,tarudesu/VOZ-HSD,train,weak_ai,HATE,dm Duck,dm Duk,"[""typographical_noise""]",ae5753270911acbe,,,,
sv_2bbd270018a07619aee315c2,uitnlp/vihsd,train,human,CLEAN,Sống nhanh lên các bạn 🤣🤣,Sống nhhaaaanh lên các bạn 🤣🤣,"[""typographical_noise"", ""expressive_lengthening""]",2fd36bfd3eca0842,,,,
sv_b4d239a4321010b74bec07be,tarudesu/VOZ-HSD,train,weak_ai,HATE,Cc ấy. Nó gánh còng lưng từ công đến thủ. Đấy biết ngay. Dcm thằng ml Quốc Việt chấp người,Cc ấy. Nó gánh còng lưng từ công đến thủ. Đấy bt ngay. Dcm thằằằng ml Quốc Việt chấp ng·ười,"[""expressive_lengthening"", ""abbreviation_clipping"", ""surface_obfuscation""]",77b29391dff5ea72,,,,
sv_86a1424e87f88b93649dd290,tarudesu/VOZ-HSD,train,weak_ai,HATE,thằng mặt l` này quay tay ra bài lắm thế nhờ,thang mặt l` này quay tay ra bài lắm thế nhờờ,"[""diacritic_variation"", ""expressive_lengthening""]",02d5b0093fe771ba,,,,
sv_8c36bb514ee9e13fb58b4490,tarudesu/VOZ-HSD,train,weak_ai,CLEAN,giọng chị gg à fen,giọ_ng chị gg à fen,"[""surface_obfuscation""]",31bfa47e777e038b,,,,
sv_d9155ae028ddaf2a361cf65b,tarudesu/VOZ-HSD,train,weak_ai,HATE,Thớt tạo bởi thằng thớt Làm cách nào để hoà thuận với ông bố?! Nghề bảo vệ có phải là nghề chán đời nhất?! Cảm thấy ganh tỵ với mấy người có ngoại hình! Xấu trai thì không được phép tỏ ra lạnh lùng?!,Thớt tạoo bởi thằng thớt Làm cách nào để hoà thuận với ông bố?! Nghề bảo vệ có phải là nghề chán đời nhất?! Cảm thấy ganh tỵ với mấy người có ngoại hình! Xấu trai thì hổng đc phép tỏ ra lạnh lùng?!,"[""abbreviation_clipping"", ""expressive_lengthening"", ""dialectal_writing""]",f8b00cb346b3eb0f,,,,
sv_656aa6509693f20525dfe92b,uitnlp/vihsd,validation,human,CLEAN,Anh Trong a hay ăn thì để ý vào,Anh Trng a hay ăn thì để ý vào ooo,"[""expressive_lengthening"", ""boundary_variation"", ""typographical_noise""]",66511658084e7e50,,,,
sv_4be59d9ab34b4e6a38d7e19d,tarudesu/VOZ-HSD,train,weak_ai,HATE,"Nói chuyện rõ ngu, luật đéo nào mà người dân ko phải tuân thủ hả? Nếu ko bắt mày phải tuân thủ thì đề ra luật và cái hợp đồng làm cmg vậy. Bộ luật hình sự thì phải tuân thủ còn luật dân sự thì ko phải tuân thủ ah?","Nói chuyện rõ ngu, luật đéo nào mà ng dân ko phải tuân thủ hả? Nếu ko bắt mày phải tuân thủ thì đề ra luật và cáihợp đồng làm cmg vậy. Bộ luật hình sự thì phải tuân thủ còn luật dân sự thì ko phảải tuân thủ ah?","[""abbreviation_clipping"", ""boundary_variation"", ""typographical_noise""]",b955351176778043,,,,
sv_3ecefcce4ad4665e7ddde15c,tarudesu/VOZ-HSD,train,weak_ai,HATE,"Đèo mẹ lũ ngoài f33 chửi bọn vua tin vịt vụ quốc ca trong khi xem tv thì bt có bị cái nẹ gì đâu Mà vụ này từ hôm qa r, đã chơi trên đất nhà nó thì theo luật nhà nó mà làm ý kiến cc gì ko hiểu","Đèo mẹ lũ ngoài f33 chửi bọn vua tin vịt vụ quốc ca trong khi xem tv thì bt có bị cái nẹ gì mô Mà vụ này từ hôm qa r, đã chơi trênđất nhà nó thì theo luật nhà nó mà làm ý kiến cc gì ko hỉu","[""boundary_variation"", ""phonetic_spelling"", ""dialectal_writing""]",9fdcf94f1d6077e7,,,,
sv_34a152fb2f4885ad751cc462,tarudesu/VOZ-HSD,train,weak_ai,HATE,tới cứt còn táp vào mồm thì còn clg mà tụi tây bắc nó không ăn được hả bác,tới cứt còn tá-p vào mồm thì còn clg mà tụi tây bắc nó hổng ăn eược hả bác,"[""dialectal_writing"", ""surface_obfuscation"", ""typographical_noise""]",8912ad24f09aa2cb,,,,
sv_d275d8a842924532e5aaed4d,tarudesu/VOZ-HSD,train,weak_ai,CLEAN,"Tôi dạo này cảm thấy thật bất an với thu nhập của vozer, cần lắm những cánh tay nâng chuẩn thu nhập vozer","T-ôi dạo này cảm thấy thật bất an với thu nhập của vozer, cần lắm những cánh tay nâng chuẩn thu nhập vozer","[""surface_obfuscation""]",884ea83295cb94dc,,,,
sv_2c3ceeea44fdc302a8ff5795,tarudesu/VOZ-HSD,train,weak_ai,CLEAN,"Chiếc có bezel màu xanh nhìn nổi bật hơn. Tuy nhiên xài lâu dài thì khi nó cũ đi, sẽ xấu hơn chiếc màu thép.","Chiếc có bezel màu xanh nhìn nổiii bật hơn. Tuy nhiên xài lâu dài thì khi nó cũ đi, sẽ xấu hơn chiếc màu thép.","[""expressive_lengthening""]",912fb122df40987a,,,,
sv_f811586152c033d90f5461df,tarudesu/VOZ-HSD,train,weak_ai,CLEAN,"Bản thân mình trước mê côn tay, chê xe tay ga nhưng lại chạy Ju Fi. Sau đó bỏ tiền độ côn tay cho chiếc Ju nhưng giờ lại muốn về zin và đang chạy tay ga đi làm. Sau từng ấy trải nghiệm đúc kết ra mua cái gì tiện lợi, phù hợp với bản thân trước (tay ga) rồi hãy nghĩ đến mua cái mình thích sau (côn tay).","Bản thân mình trước mê côn tay, chê xe tay ga nhưng lại chạy Ju Fi. Sau đó bỏ tiền độ côn tay cho chiếc Ju nhưng giờ lai muốn về zin và đang chạy tay ga đi làm. Sau từng ấy trải nghiệm đúc kết ra mua cái gì tiện lợi, phù hợp với bản thân trước (tay ga) rùi hãy nghĩ đến mua cái mình thích sau (côn tay).","[""diacritic_variation"", ""intentional_spelling""]",6fa5c06721fbce4f,,,,
sv_3fac3ebf75fdc8eab44e31f6,tarudesu/VOZ-HSD,train,weak_ai,CLEAN,"3 tỏi thì khó, quả này mà ko dịch thì chắc 2 tỏi là hoàn toàn có thể. Marvel làm đc quả phim 3 nhện thi phải nói giỏi vkl","3 tỏi thì khó, quả này mà ko dịch t-hì chắc 2 tỏi là hoàn toàn có thể. Marvel làm đc quả phim 3 nhện thi phải nóiiii giỏi vkl","[""expressive_lengthening"", ""surface_obfuscation""]",b8b1efcfa807e47d,,,,
sv_dadb5b61e2ebf818c7047ab7,uitnlp/vihsd,test,human,CLEAN,Ghê,G~he,"[""surface_obfuscation"", ""diacritic_variation""]",cf02975335b37b53,,,,
sv_36118a5c4c65bf7231488335,tarudesu/VOZ-HSD,train,weak_ai,CLEAN,"Bác mua dịch vụ đặc biệt tại phòng vé or nhờ đại lý bác đặt ng ta mua cho nhé. Như bác trên có chỉ đấy, mang theo giấy kiểm dịch và sổ chích nhé. Mang lên cabine thì hơi căng, hình như chỉ cho mang 1 con, bác mua sớm đi.","Bác mua dịch vụ đặc biệt tại phòng vé or nhờ đại lý bác đặt ng ta mua cho nhé. Như bác trên có chỉ đấy, mang theo giấy kiểm dịch và sổ chích nhé. Mang lên cabine thì hơi căng, hình như chỉ cho mang 1 con, bác mua som đi.","[""diacritic_variation""]",fc215f3aec4e64cb,,,,
sv_ff279b27420d858ccf257c0d,tarudesu/VOZ-HSD,train,weak_ai,HATE,"chơi bẩn thì cút, chơi chó chết mịa m đi","ch_ơi bẩn thì cút, chơi chó chết mịa m đi","[""surface_obfuscation""]",2d1d9ba2d9267b58,,,,
sv_84edc7688a281c5b85798edd,tarudesu/VOZ-HSD,train,weak_ai,HATE,"Bức xúc trước sự thiên vị yêu ghét ko công bằng của cha mẹ không nhất thiết đồng nghĩa với ""chăm chăm vào tài sản cha mẹ"" hoặc ""ko tự lập"". Logic của mày như cc vậy.","Bức xúc trước sự thiên vị yêu ghét ko công bằng của cha mẹ không nhất thiết đồng nghĩa vớớới ""chăm chăm vào tài sản cha mẹ"" hoặc ""ko tự lậ_p"". Logic của mày như cc vậy.","[""expressive_lengthening"", ""surface_obfuscation""]",fd3a91403a34a36d,,,,
sv_03de4fa749f99fa44ca65625,uitnlp/vihsd,train,human,HATE,"Kô ai muốn phải cách ly ,nhưng vì sk cộng đồng cũng như sk chính mình hãy cố gắng lên bạn,bạn càng nói thì cái não của bạn sẽ bé đi nhiều.chúc bạn sau 14 ngày âm tính với corona.","Kô ai muốn phải cách ly ,nhhng vì sk cộng đồng cx như sk chính mình hãy cố gắng lên bạn,b~ạn càng nói thì cái não của bạn sẽ bé đi nhiều.chúc bạn sau 14 ngày âm tính với corona.","[""typographical_noise"", ""intentional_spelling"", ""surface_obfuscation""]",d2b8d07c5a594405,,,,
sv_2086c00f0ba2d9658d7e8931,tarudesu/VOZ-HSD,train,weak_ai,CLEAN,"Xưa mình gạ thằng bạn đọc tiên hiệp, nó đêm ngủ mơ đang tu tiên luôn mình nằm ngay cạnh cười vl Mà mình cũng mơ được tu luyện suốt, đọc được vài năm giờ đâu dám đọc lại vì nghiện","Xưa mình gạ thằng bạn đọc tiên hiệp, nó đêm ngủ mơ đang tu tiên luôn mình nằm ngay cạnh cười vl Mà mình cũng mơ được tu luyện suốt, đọc được vài năm giờ mô dám đọc lại vì nghiện","[""dialectal_writing""]",7e1e8404b10c0e45,,,,
sv_e23acd8b4e65a8c85c124f49,tarudesu/VOZ-HSD,train,weak_ai,HATE,gốc phá mu là t ed vs bld ngu lol,gốcpha mu là t ed vs bld ngu l~ol,"[""diacritic_variation"", ""boundary_variation"", ""surface_obfuscation""]",fc48b4ffcabe2a26,,,,
sv_fdd8e92a82ede2e0390cf9a5,tarudesu/VOZ-HSD,train,weak_ai,HATE,"Bố già xem như cức, nhưng thớt cư xử cục súc quá. Thôi xem về thì quay tay 1m tiếp đi.","Bố già xem như cức, nhưng thớt cư xử cục súc qá. Thôi xem về thì quay taaaay 1m tiếp đi.","[""expressive_lengthening"", ""intentional_spelling""]",975bcdf5b2d5bc3f,,,,
sv_c2ec93d3df3c9f99f9abc27b,tarudesu/VOZ-HSD,train,weak_ai,CLEAN,"fake hết đó mấy ông, chứ ở đó mà tưởng thiệt ngồi húp","f-ake hết đó mấyông, chứ ở đó mà tưởởởng thiệt ngồi húp","[""boundary_variation"", ""surface_obfuscation"", ""expressive_lengthening""]",ae4165fa2b4d4307,,,,
sv_1855919c155bff15f52ff2dc,tarudesu/VOZ-HSD,train,weak_ai,CLEAN,"Y chang mình. Phải đặt nhờ quán cf thằng bạn rồi ra lấy, hoặc bữa nào rảnh ra cf mới dám đặt. Thỉnh thoảng delay tới chiều làm ngồi cf dài cổ.","Y chang mk. Phải đặt nhờ quán cf thằng fen rồi ra lấy, hoặc bữa nào rảnh ra cf mới dám đặt. Thỉnh thoảng delay tới chiều lam ngồi cf dài cổ.","[""slang_lexical"", ""diacritic_variation"", ""abbreviation_clipping""]",9e2dc65be83415ae,,,,
sv_0e8446eef29db7762836a0e4,tarudesu/VOZ-HSD,train,weak_ai,CLEAN,Chaien Singer said:,Chaien Singeeer said:,"[""expressive_lengthening""]",982cd3b71fb50421,,,,
sv_fb9954d0f3f4f0f239af82b9,tarudesu/VOZ-HSD,train,weak_ai,HATE,Cái này là chơi ngu chứ khôn vặt gì..,Cái này làchơi ngu chứ khôn vặt j..,"[""intentional_spelling"", ""boundary_variation""]",6af58b21147ede10,,,,
sv_aaea5ae9e11c55be9633d2d8,uitnlp/vihsd,train,human,CLEAN,Cho hỏi nhận 1 cái 2 lần thì dc thêm cái j ko ?,Cho hỏi n·hận 1 cái 2 lần thì dc thêêêm cái j ko ?,"[""expressive_lengthening"", ""surface_obfuscation""]",58c6f6381d33bab2,,,,
sv_08b8a16f699ca5943a472055,uitnlp/vihsd,train,human,HATE,Chị ba đẹp gái có hai hòn dái hai bên,Chị ba đẹp gái cóó hai hon dái hai bê-n,"[""surface_obfuscation"", ""diacritic_variation"", ""expressive_lengthening""]",c25b32118c824da8,,,,
sv_e728af468eacdc1381667969,tarudesu/VOZ-HSD,train,weak_ai,HATE,"Tăng mẹ nó 1-200đ cho đại lý nó hăng hái làm việc. Đm bóp dái nó làm cái đéo gì, bán lỗ thì tư nhân gồng mãi sao đc. Để ng dân ko đổ đc xăng còn mất chi phí lớn hơn trăm lần.","Tăng mẹ nó 1-200đ cho đại lý nó hăng hái làm việc. Đm bóp dái nó làm cái đéo gì, bán lỗ thì tư nhân gồng mãi sao đc. Để ng dân ko đổ đc xăng còn mất chi phí lớn hơn trmă lần.","[""typographical_noise""]",2f5317ae607ed34f,,,,
sv_07b1da8e80883bce1b91b24b,tarudesu/VOZ-HSD,train,weak_ai,CLEAN,"Tặng cái lò nướng 6 thanh gia nhiệt, tầm 8M. Ít tiền hơn thì mua cái cây lăn bột, khuôn nặn bánh, ít tiền nữa thì mua ít cần bột, loại cần cho vào bánh nướng ăn cho phê ấy.","Tặng cái lò nướng 6 thanh gia nhiệt, tầm 8M. Ít tiền hơn thi mua cá·i cây lăn bột, khuôn nặn bánh, ít tiền nữa thìmua ít cần bột, loại cần cho vào bánh nướng ăn cho phê ấy.","[""diacritic_variation"", ""boundary_variation"", ""surface_obfuscation""]",1e1c1f3cd212b8fb,,,,
sv_815c768d57cbe2298c795467,tarudesu/VOZ-HSD,train,weak_ai,CLEAN,"Chắc bị vong ám chứ bệnh gì đến giờ là sốt, qua giờ là hết","Chắc bị vong ám chứ bệnh gì đếngiờ là sốt, qua giờ là hết","[""boundary_variation""]",957589b9ef153351,,,,
sv_e830c7748b2401ee6e02cd80,tarudesu/VOZ-HSD,train,weak_ai,HATE,bọn ăn hại,bon ăăăn hại,"[""diacritic_variation"", ""expressive_lengthening""]",e69906fe4384be8d,,,,
sv_80a14f07bd389532d4bbaa32,uitnlp/vihsd,train,human,CLEAN,"Nhàn Lê nhạc lần này đúng là k hay thiệt, mấy bài trc nghe còn thấy hay, mong là sau lần comback này ra nhạc đỉnh hơn, chứ bài này nghe ái ái kiểu gì á","Nhàn Lê nhạc lần này đúng là k hay thiệt, may bài trc nghe còn thấy hay, mong là sau lần comback này ra nhạc đỉnh hơn, chứ bài này ngheái ái kiểu gì á","[""boundary_variation"", ""diacritic_variation""]",d0d3c64ddd6ccd6a,,,,
sv_c5be984e0a709bdb289194f5,tarudesu/VOZ-HSD,train,weak_ai,HATE,"mấy thằng hay nói đạo lý thường sống như lol, vận vào mấy thằng phật online chả sai bao giờ toàn ăn mì tôm trong nhà trọ tưởng tượng ra mình là thằng chồng soái ca như phim HQ xui rủi cho chị em nào lấy phải mấy thằng phật online xạo lol này đọc cmt ngứa hết cả đít","mấy thằng hay nói đạo lý thường sống như lol, vận vào mấy thằng phật online chả sai bh toàn ăn mì tôm trong nhà trọ tưởng tượng ra mình là thằng chồng soái ca như phim HQ xui rủi cho chị em nào lấy fải mấy thằng phật online xạo lol này đọc cmt ngứa hết cả đít","[""context_dependent"", ""intentional_spelling""]",8387dc96cbf1a030,,,,
sv_39c7599ad0ca2cea08f30f36,tarudesu/VOZ-HSD,train,weak_ai,HATE,"hongkong, đài loan, đại lục đéo biết HL là diễn viên gì. Có khi độ nổi bên đó còn thua thằng nguyễn trung quân chứ chưa nói gì đến tùng núi","hong kong, đài loan, đại lục đéo bt HL là diễn viên gì. Có khi độ nổi bên đó còn thua thằng nguyễn trung quân chứ chưa nói gì đến tùng núúúi","[""expressive_lengthening"", ""abbreviation_clipping"", ""boundary_variation""]",8b95e55b2843c9ab,,,,
sv_e9f5a9fda652ab9f965c3369,uitnlp/vihsd,validation,human,CLEAN,giáo án của thầy nè :v,giáo áááán của th·ầy nè :v,"[""expressive_lengthening"", ""surface_obfuscation""]",6973674aa5f538af,,,,
sv_e9fabdc2092019542df11ffa,uitnlp/vihsd,train,human,CLEAN,"Mặt xinh thì tóc xấu cũng xinh, còn mặt xấu tóc đẹp thì cũng k xinh lên đc :))","Mặt xinh thì tóc xấu cx xinh, con mặt xấu tóc đẹp thì cũbg k xinh lên đc :))","[""diacritic_variation"", ""intentional_spelling"", ""typographical_noise""]",17bc1261eb71ae96,,,,
sv_ecbfa833189eb03d4a3ac996,tarudesu/VOZ-HSD,train,weak_ai,CLEAN,Link Fshare - Lồng tiếng Việt cho ai cần :,Link Fsh are - Lồồồng tieng Việt cho ai cần :,"[""expressive_lengthening"", ""boundary_variation"", ""diacritic_variation""]",d2becc817ff81190,,,,
sv_7f108fe5a4b54d5e7649ff6f,tarudesu/VOZ-HSD,train,weak_ai,HATE,Thằng lều đặt cái tít cũng ít có mất dạy lắm.,Thằng lều đặặt cái tít cũngít có mất dạy l-ắm.,"[""expressive_lengthening"", ""surface_obfuscation"", ""boundary_variation""]",ab599e4ba095c526,,,,
sv_4dc7847a23c0b9fbad5c3322,tarudesu/VOZ-HSD,train,weak_ai,HATE,"Đọc mấy bài này, mới thấy sự cần thiết của team trộm chó. Đuỵt cụ lũ súc vật thả chó ra đường đéo rọ mõm. Ngu y như chó.","Đọc m-ấy bài này, mới thấy sự cầần thiết của team trộm chó. Duyt cụ lũ súc vật thả chó ra đường đéo rọ mõm. Ngu y như chó.","[""expressive_lengthening"", ""diacritic_variation"", ""surface_obfuscation""]",2e03ef4d3e28cf85,,,,
sv_942db51481aaff78331aa421,tarudesu/VOZ-HSD,train,weak_ai,HATE,"Tao đéo rảnh mày ơi, mày giỏi thì mày cứ ra đó la liếm cho khôn đi. Tao biết cái thân tao là được rồi.","Tao đéo rảnh mày ơi, mày giỏi thì mày cứ ra đó la liếm cho khôn đi. Tao biết cái thân tao làđược rồi.","[""boundary_variation""]",2d0ed69c1146ff0d,,,,
sv_21fd1a00c498eea323657f1c,tarudesu/VOZ-HSD,train,weak_ai,CLEAN,"Về nhà! Căn bản là nhà cũng ở miền núi rồi, đất thì rộng cây trái đầy vườn, cây gì cũng có. Sơn thủy hữu tình, khí hậu thì có tí khắc nhiệt hơn nơi khác nhưng quen rồi.","Dìa nhà! Căn bản là nhà cũng ở miền núi rồi, đất thì rộng cây trái đầy vườn, cây gì cũng có. Sơn thủy hữu tình, khí hậu thì có tí khắc nhiệt hơn nơi khác nhưng quen rồi.","[""dialectal_writing""]",04d9525fb7a8486b,,,,
sv_8d04da6154f69f99f39d6acf,tarudesu/VOZ-HSD,train,weak_ai,HATE,úi giời *** mẹ mày Hải ơi,úi giời *** mẹ mày Hảiiiơi,"[""expressive_lengthening"", ""boundary_variation""]",4a5b0533c7da0f78,,,,
sv_58939da6d8b434a6662c743b,uitnlp/vihsd,validation,human,CLEAN,Mong bác khỏe  mạnh  để  cho ae xem cho vui ko thì  mùa  dịch này  buồn  lắm,Mong bác khỏe  mạnh  dẻ  cho ae xem cho vui ko thì  mùa  dịch này  buồn  lắm,"[""diacritic_variation""]",d55531da9dc139d5,,,,
sv_11066a95b53c7f7baa6aaeb2,tarudesu/VOZ-HSD,train,weak_ai,HATE,Mà sao thằng 3 lan cũng anh m lô xiên mà chửi nó như chó nhỉ?,Mà sao t·hằng 3 lan cũng anh m lô xiên mà cửhi nó như cho nhỉ?,"[""diacritic_variation"", ""surface_obfuscation"", ""typographical_noise""]",a8a97d59e3320392,,,,
sv_bb28af5e47cc961007fd017a,uitnlp/vihsd,train,human,HATE,Càng tàn ác thì vạch áo cho dân xem lưng,Càng tàn ác thì vạch áo cho d_ân xem lưng,"[""surface_obfuscation""]",12ba333cc8e5d2c3,,,,
sv_5edba8e4ed17ddf46591703c,tarudesu/VOZ-HSD,train,weak_ai,HATE,Nó chăm đi quảng cáo thế thì lại đéo ăn đứt thằng Hải,Nó chăm điquảng cáo rứa thì lại đéo ăn đứt thằng Hải,"[""boundary_variation"", ""dialectal_writing""]",3eb2ee61c6280614,,,,
sv_de58682d61f4e69c36e83293,tarudesu/VOZ-HSD,train,weak_ai,HATE,"Vào xem mấy thằng thiểu năng trên mấy group sử việt là hiểu tiềm năng làm phim phóng tác ít thế nào. Có ông vẽ bà triệu theo kiểu mặc giáp, mặt mũi xinh đẹp thì có cả đống thằng inbox ""góp ý"" rằng ko thuần Việt, khuôn mặt phải vẽ thế này thế kia, hãm đcđ","Vào xem mấy thằng thiểu năng trên mấygroup sử việt là hỉu tiềm năng làm phim phóng tác ít thế nào. Có ông vẽ bà triệu theo kiểu mặc giiáp, mặt mũi xinh đẹp thì có cả đống thằng inbox ""góp ý"" rằng ko thuần Việt, khuôn mặt phải vẽ thế này thế kia, hãm đcđ","[""boundary_variation"", ""typographical_noise"", ""phonetic_spelling""]",4304b3287dbeadb4,,,,
sv_c09452d1eb1cc71a062ccb9f,uitnlp/vihsd,train,human,CLEAN,chuẩn bị học tiếng Tàu đi mấy đứa,ch~uẩn bị học tiếng Tàu đii mấy đứa,"[""expressive_lengthening"", ""surface_obfuscation""]",d4b041e4a4b6df3a,,,,
sv_0ac481785963438f067e169f,uitnlp/vihsd,train,human,HATE,sao ngu v bên kia éo chữa hiểu chưa con ngu,sao ngu v bênkia éo chữa hiểu chưaaa con ngu,"[""boundary_variation"", ""intentional_spelling""]",3824092b09f9be17,,,,
sv_aa4b2d1f613e31549cf825c3,tarudesu/VOZ-HSD,train,weak_ai,CLEAN,"7 ngày chơi game: phân tích kĩ, tâm huyết, nói chuyện vui vẻ mỗi tội ra video lâu nên unsub. Phê phim: kênh này thích mỗi giọng đọc ấm áp của bạn Sương Mai phổi to. Không xem video giọng đọc khác nên unsub. Draw your brain: kênh tiếng việt hay nhất từng xem, bỏ vì bạn chủ kênh đã mất.","7 ngày chơi game: phân tích kĩ, tâm huyết, nc vui vẻ mỗi tội ra video lâu nên unsub. Phê phim: kênh này thích mỗi giọng đọc ấm áp của bạn Sương Mai phổi to. Hông xem video giọng đọc khác nên unsub. Draw yor brain: kênh tiếng việt hay nhất từng xem, bỏ vì bạn chủ kênh đã mất.","[""phonetic_spelling"", ""typographical_noise"", ""abbreviation_clipping""]",a36434e0b727f41f,,,,
sv_4776685aa17cf8ef369eaf03,uitnlp/vihsd,validation,human,HATE,"đúng là cái dân Bắc Kỳ, tội này là do Đảng cả - ad cho hay :3","eúng là cái dân Bắc Kỳ, tội này là doooo Đảng cả - ad cho hay :3","[""expressive_lengthening"", ""typographical_noise""]",69757e0eef96556d,,,,
sv_6578b617040136f9f66b8440,tarudesu/VOZ-HSD,train,weak_ai,CLEAN,Nhiều thằng nghĩ cứ lấy vợ giàu thì toàn bộ tài sản bên nhà vợ là của mình nhỉ.,Nhiều tjằng nghĩ cứ lấy vợ giàu thì toàn bộ tài sản ben nhà vợ là của mk nhỉ.,"[""abbreviation_clipping"", ""typographical_noise"", ""diacritic_variation""]",9bb2fe72d5d5c3bd,,,,
sv_c7e091114ccd4ac8e5fc8615,uitnlp/vihsd,train,human,CLEAN,Ai yêu ib nhé,Ai yêu ib nh-e,"[""diacritic_variation"", ""surface_obfuscation""]",1275c908e4628c29,,,,
sv_0ad9cd9996951a207f036229,tarudesu/VOZ-HSD,train,weak_ai,HATE,Nick 2016 mà viết như mấy thằng trẻ trâu 2k21. Tôi khinh.,Nick 2016 mà viết như mấy thằng trẻ trâu 2k21. Tôi khnh.,"[""typographical_noise""]",c1ea333c60298bea,,,,
sv_24c4cc1c6fd6e448ae774c70,uitnlp/vihsd,train,human,CLEAN,Pyke ?? Is that you ??,Pyle ?? Is that you ??,"[""typographical_noise""]",81cf492058b956cd,,,,
sv_d671e9901ff3cf916acc57aa,uitnlp/vihsd,train,human,CLEAN,Cười xĩu,Cườời xĩu,"[""typographical_noise""]",73243446f52ed10f,,,,
sv_7b351c62c471625937ee7f87,tarudesu/VOZ-HSD,train,weak_ai,HATE,ghét vcl mấy thằng lều báo câu tít kiểu nầy,ghét vcl mấythằng lều báo câu tít kiểu nầy,"[""boundary_variation""]",bc96838b0a38df08,,,,
sv_5c997c4e9b34eef40436c8ae,uitnlp/vihsd,train,human,CLEAN,Sao lại có an vy vậy :v,Sao lại có aan vy vậ_y :v,"[""expressive_lengthening"", ""surface_obfuscation""]",0c7bdb8de22ab99d,,,,
sv_faeb1391d5d69879592fbb65,tarudesu/VOZ-HSD,train,weak_ai,CLEAN,Họ đều là vozer hết phải không thím ?,Họ đều là vozer hết phải không thm ?,"[""typographical_noise""]",469a9ddfeae83881,,,,
sv_c008ee4092b04a76dae9c7ae,tarudesu/VOZ-HSD,train,weak_ai,HATE,Mọe cái tư duy đổ lỗi nạn nhân này bệnh vãi. Như truyện chí phèo ấy nhỉ.,Mọe cái tư duy đổ lỗi nạn nhân này bệ_nh vãi. Nhưưư tru yện chí phèo ấy nhỉ.,"[""expressive_lengthening"", ""surface_obfuscation"", ""boundary_variation""]",bb2d9f2dd69d8af6,,,,
sv_c1a778edf262b5d7d01b274a,tarudesu/VOZ-HSD,train,weak_ai,CLEAN,trông có vẻ đẹp phết thím nhỉ,tr.ông có vẻ đẹp phếết thím nhỉ,"[""surface_obfuscation"", ""typographical_noise""]",ad1f75c8c7ff214e,,,,
sv_ecb405c75fc6a946bacf3af2,tarudesu/VOZ-HSD,train,weak_ai,HATE,"Thấy mấy đứa ăn mặc quái dị, đồng chí chỉ cần tặc lưỡi quay mặt chỗ khác là xong, vì chính đồng chí cũng thừa nhận đó là vấn đề cá nhân. Nhưng bức xúc tới mức phải lên mạng than thở, kèm theo nỗi cảm thán về 1 nét riêng của vùng miền khác, thì đúng là hèn mọn đéo tả.","Thấy mấy đứa ăn mặc quái dị, đồng chí chỉ cần tặc lưỡi quay mặt chỗ khác là xong, vì chính đồng chí cũng thừa nhận đó là vấn đề cá nhân. Nhưng bức xúc tới mức phải lên mạng than thở, kèm theo nỗi cảm thán về 1 nét riêng của vùgn miền khác, thì đúng là hèn mọn đéo tả.","[""typographical_noise""]",a6b441c14500ffc6,,,,
sv_698c64fd5186d3ebec1bd499,uitnlp/vihsd,train,human,CLEAN,Cười chay nước mắt. Mà thương em nhiều lắm,Cười chay nước mắt. Mà thương em nhìu lắắ.m,"[""surface_obfuscation"", ""expressive_lengthening"", ""phonetic_spelling""]",c9b9d13f634e1f29,,,,
sv_e6520b9095d64ab7f02bb99f,uitnlp/vihsd,train,human,CLEAN,"Khổ a tao, có cái tên suốt ngày bị lấy.","Khổ a tao, cóóóó cái tên suốt ngày bị lấ.y.","[""expressive_lengthening"", ""surface_obfuscation""]",8f2071426a5c6432,,,,
sv_06c5f8f827b20ef9fee043bf,uitnlp/vihsd,test,human,CLEAN,"tháng nào cũng đi đóng thuế để giải quyêt ngân sách kiểu này đây ,xây tượng góp phần giàu đẹp đất nước còn gì haha","tháng nào cũng đi đóng thuế để giải quyêt ngân sáááách kiểu này đây ,xây tượng góp phần giàu đẹp đất nước còn j haha","[""expressive_lengthening"", ""intentional_spelling""]",8a88de90265f2354,,,,
sv_d0546ff1bd5bd396cbfb7745,tarudesu/VOZ-HSD,train,weak_ai,HATE,Mày chảnh chứ nó chảnh qq,Mày chnh chứ nóó chảnh qq,"[""expressive_lengthening"", ""typographical_noise""]",21244b591d9112ca,,,,
sv_b3f8aeba0e4ca80891d61467,tarudesu/VOZ-HSD,train,weak_ai,HATE,thằng ranh con bố láo đến lương tao captain đội 1 còn đ được như vậy,thằng ranh con bố láo đến lương tao cap tain đội 1 còn đ được như vậy,"[""boundary_variation""]",9d3fba30e4e27a9d,,,,
sv_29daf67a64e55a351697da91,tarudesu/VOZ-HSD,train,weak_ai,CLEAN,Ăn lạ miệng thôi chứ mấy miến bò khô hay heo gác bếp nướng lên tí nhậu ngon hơn.,Ăn lạ miệng tôi chứ mấy miến bò khô hay heo gác bếp nướng lên tí nhậu ngon hơn.,"[""typographical_noise""]",da6bdde1c53989e6,,,,
sv_02e54ce6f2e71a1620e01ca1,tarudesu/VOZ-HSD,train,weak_ai,CLEAN,2 vc này trẻ mà đủ bệnh nhỉ?,2 vc này trẻ mà đủ bnh nhỉ?,"[""typographical_noise""]",399b0bc44f88b8c8,,,,
sv_20cb10411e13a15b2dd07e32,tarudesu/VOZ-HSD,train,weak_ai,CLEAN,"nếu được vậy cũng đỡ đó fen , chứ không thì sẽ nhiều người thất nghiệp cũng tội","nếu được vậy cũng đỡ đó fen , chứ không thì sẽ nhiều người thất nghiệp cx tội","[""intentional_spelling""]",3196fc2975052d89,,,,
sv_0f1d7809ab8bfd44691e44f8,tarudesu/VOZ-HSD,train,weak_ai,HATE,bớt xạo l đi mài.,bớt xạo l đi mwàài.,"[""expressive_lengthening"", ""typographical_noise""]",40bda840ff81fe70,,,,
sv_45c0a5b78ff6bd8a98e84011,uitnlp/vihsd,train,human,CLEAN,hẳn là qua thái ăn mì tôm :((,h-ẳn là qua táhi ăn mì tôm :((,"[""surface_obfuscation"", ""typographical_noise""]",e6d8def2f11d18bc,,,,
sv_4582a822d19347bb2f7d6751,tarudesu/VOZ-HSD,train,weak_ai,HATE,"Đây là con dân của cái thứ dân tộc súc sinh, mạt hạn, làm chó cho thằng putin mà lũ nga vàng tung hô đây à","Đây là con dân của cái thứ dân tộc súc sinh, mạt hạn, làm chó cho thằng putin mà.ààà lũ nga vàng tung hô đây à","[""expressive_lengthening"", ""surface_obfuscation""]",808278e39b1acf77,,,,
sv_3257fee08783a576eec79fb9,tarudesu/VOZ-HSD,train,weak_ai,HATE,Mấy thằng mod cứ ban vô tội vạ đọc bài này mà lấy đó làm gương nhé. Trong voz nhiều thằng máu lạnh điên khùng lắm,Mấy thằng mod cứ ban vô tội vạ đọc bài này màà lấy đó làm gương nhé. Trong voz nhiều thằng máu lạnh đ.iên khùng lắm,"[""expressive_lengthening"", ""surface_obfuscation""]",757c6ee19a4c427c,,,,
sv_42d040b470ba6c28eb008238,uitnlp/vihsd,validation,human,CLEAN,Ăn tết đúng cách,Ăn tết đúng cá-ch,"[""surface_obfuscation""]",99f2f250ff93f188,,,,
sv_460d3f78031814eb35be0ee5,uitnlp/vihsd,train,human,CLEAN,Không sợ cor corona,Kôôông sợ cor corona,"[""typographical_noise"", ""expressive_lengthening""]",84cc920aad5326e8,,,,
sv_526f0f64e8a5894bf3d90669,uitnlp/vihsd,train,human,CLEAN,Mặc dù em đéo có người yêu nhưng vẫn thấy anh nói đúng vlon 😪,Mặc dù em đéo có người yêu nhưng vẫn thyấ anh nóiii đúng vlon 😪,"[""expressive_lengthening"", ""typographical_noise""]",49642616ec814eff,,,,
sv_e40cd33dd1441db9dbfe9aa1,tarudesu/VOZ-HSD,train,weak_ai,HATE,Thằng Khựa trước đã có 1 bài bàn chán chê về thiếu hụt tàu đổ bộ nữa cơ. Nên cái đài loan thèm nhỏ dãi bao năm vẫn đéo đụng đc 1 cái đảo nhỏ nữa là. Riêng về hải quân thì tàu chưa đủ tuổi đi so. Cái đống tsb đấy mà ko có đủ hậu cần và kiếm lại lợi ích thu quyền lực về thì nó rút ngân sách cho trắng máu chứ chả đùa.,Thằng Khựa trước đã có 1 bài bàn chán chê về thiếu hụt tàu đổ bộ nữa cơ. Nêêêên cái đài loan thèm nhỏ dãi bao năm vẫn đéo đụgn đc 1 cái đảo nhỏ nữa là. Riêng về hải quân thì tàu chưa đủ tuổi đi so. Cái đống tsb đấy mà ko có đủ hậu cần và kiếm lại lợi ích thu quyền lực về thì nó rút ngân sách cho trắng máu chứchả đùa.,"[""boundary_variation"", ""typographical_noise"", ""expressive_lengthening""]",e696c1cd1e5982d5,,,,
sv_5886b31083cece254ff0e22a,uitnlp/vihsd,train,human,CLEAN,Chưa bao giờ đọc cái gì mà nó buồn cười như thế này :)))),Chưaaa bh đọc cái gì mà nó buồn cười như thế này :)))),"[""expressive_lengthening"", ""context_dependent""]",ffa80739ee1f67c4,,,,
sv_62fffffab48017e2943a59e0,uitnlp/vihsd,train,human,HATE,Ngứa dái chưa kkkkk,Ngứa dái chyaaa kkkkk,"[""intentional_spelling"", ""typographical_noise""]",8e50b87198095101,,,,
sv_5ddbd75b84916ec0a5421d68,tarudesu/VOZ-HSD,train,weak_ai,HATE,Thằng loz ĐM đá ngu vcc. Chuyền đéo gì vậy.,Thằằng loz DM đá ngu vcc. Chuyền đéo gì zậy.,"[""intentional_spelling"", ""typographical_noise"", ""diacritic_variation""]",3700987431c027cd,,,,
sv_a2f25e11d4a302f25ca47979,tarudesu/VOZ-HSD,train,weak_ai,CLEAN,"cái haaland có là tính clutch vô lý vcc ra, mang tính tâm linh nên tôi không chứng minh được, nói thế nào cũng dễ bị bash. Tôi thấy haaland có vấn đề nào quá lớn đâu nhỉ? Dứt điểm khỏi nói, tốc độ sức mạnh thể lực quá khủng, bước 1 khá gọn nhưng không tốt như đồng đội mc. Xử lý 1v2 thì phải tùy vào tình huống bóng ra sao chứ, người nó to như con voi thì làm sao đòi hỏi vượt qua 3 4 thằng phạm vi hẹp như vini hay mbappe được? Ngược lại thì haaland có khả năng vừa làm tường, vừa tiềm tàng đe dọa ở 2/3 cuối sân, rất nhiều quả mf mc chuyền khó vcl mà nó vẫn nhảy vào ghi bàn được. So thì phải so với mấy bọn target man mới đúng chủ đề, ro béo là mẫu complete striker mà, nên thoạt nhìn sẽ thấy có nhiều tác dụng cho team hơn (với lại béo thời trẻ là độc nhất, quá hoàn hảo từ mới 19 tuổi, nên không nên so). 1 điều tôi chắc chắn là adriano thời prime có cc so nổi với haaland, tất cả mọi thứ đều thua kém cu haaland, từ kĩ thuật đến tâm lý","cái haaland có là tính clutch vô lý vcc ra, mang tính tâm linh nên tôi hông chứng minh được, nói thế nào cũng dễ bị bash. Tôi thấy haaland có vấn đề nào quá lớn đâu nhỉ? Dứt điểm khỏi nói, tốc độ sức mạnh thể lực quá khủng, bước 1 khá gọn nhưng không tốt như đồng đội mc. Xử lý 1v2 thì ohải tùy vào tình huống bóng ra sao chứ, người nó to như con voi thì làm sao đòi hỏi vượt qua 3 4 thằng phạm vi hẹp như vini hay mbappe được? Ngược lại thì haaland có khả năng vừa làm tường, vừa tiềm tàng đe dọa ở 2/3 cuối sân, rất nhiều quả mf mc chuyền khó vcl mà nó vẫn nhảy vào ghi bàn được. So thì phải so với mấy bọn target man mới đúng chủ đề, ro béo là mẫu complete striker mà, nên thoạt nhìn sẽ thấy có nhiều tác dụng cho team hơn (với lại béo thời trẻ làà độc nhất, quá hoàn hảo từ mới 19 tuổi, nên không nên so). 1 điều tôi chắc chắn là adriano thời prime có cc so nổi với haaland, tất cả mọi thứ đều thua kém cu haaland, từ kĩ thuật đến tâm lý","[""expressive_lengthening"", ""typographical_noise"", ""phonetic_spelling""]",6130bd984e27ca21,,,,
sv_d2b3a4a973d316395e458d4b,uitnlp/vihsd,train,human,CLEAN,Ma ong nay hai thiet,Ma ongnaaaay hai thiet,"[""expressive_lengthening"", ""boundary_variation""]",dd2301e7c97cb8aa,,,,
sv_4f1388b935502e0f84f03168,uitnlp/vihsd,train,human,HATE,"Xàm ghê, có miến ziên nào chết liền , tự nhiên so sánh với Lisa","Xàm g.hê, có miến ziên nào chet liền , tự nhiên so sánh vs Lisa","[""abbreviation_clipping"", ""diacritic_variation"", ""surface_obfuscation""]",26e9a98f4ffc4f3e,,,,
sv_19c4a7b523572415764d39b1,tarudesu/VOZ-HSD,train,weak_ai,HATE,Phim như cc.,Phmi nhưư cc.,"[""expressive_lengthening"", ""typographical_noise""]",3de5f9a111e46406,,,,
sv_b58dff98776b744266a2ba8d,tarudesu/VOZ-HSD,train,weak_ai,HATE,Chém ngay lập tức. Móa ăn mặc vô văn hóa.,Chém ngay lập tức. Móa ăn m~ặc vô văn hóaaaaa.,"[""expressive_lengthening"", ""typographical_noise"", ""surface_obfuscation""]",4cbd69b9677e4ec7,,,,
sv_367c2a4f2e8407c6fcae2a45,tarudesu/VOZ-HSD,train,weak_ai,HATE,mấy thanh niên cứ nghĩ con kia là gái nhà lành mới sợ xem cái clip nó nc với thằng Tuấn thì ko khác j mấy con phò nát đâu,mấy thanh niên cứ nghĩ con kia là gáinhà lành mới sợ xem cái clip nó nc với thằng Tuấn thì ko khác j mấy con phò nát đâu,"[""boundary_variation""]",42b25dbaae9ed5d7,,,,
sv_301797b406ba224016583927,tarudesu/VOZ-HSD,train,weak_ai,CLEAN,Múc lộn gì thím. Em nhìn kỹ là nó múc cho ngta mấy khách khác luôn mà bê cho khách khác rồi tới em sau bê ra em còn hỏi ủa nhầm hả anh sao mà ít dữ vậy?,Múc lộn gììì thím. Em nhìn kỹ là nó múc cho ngta mấy khách khác luôn mà bê cho khách khác rồi tới em sau bê ra em còn hỏi ủa nhầm hả anh sao mà ít dữ vậy?,"[""expressive_lengthening""]",c57b00a8ac3f0536,,,,
sv_cf11f1520d850801530cc76a,tarudesu/VOZ-HSD,train,weak_ai,HATE,"Kinh tế thì như cc, công nhân thất nghiệp tràn lan, điện còn éo có, lãi vẫn cao chót vót, quả bom trái phiếu hơn năm nữa lại nổ. Tầm này có gà mới hay đáo hạn thì cũng chỉ là cái cớ để chúng nó ụp bô lấy thanh khoản thôi. 1k1 éo mua 800 lấy cc gì bán","Kinh tế thì như cc, công nhân thất ngh iệp tràn lan, điện còn éo có, lãi vẫn cao chót vót, quả bom trái phiếu hơn năm nữa lại nổ. Tầm này có gà mới hay đáo hạn thì cung chỉ là cái cớ để chúg nó ụp bô lấy thanh khoản thôi. 1k1 éo mua 800 lấy cc gì bán","[""typographical_noise"", ""boundary_variation"", ""diacritic_variation""]",93c0c8ff42a68e8a,,,,
sv_20595e88d29ad33930a8639c,tarudesu/VOZ-HSD,train,weak_ai,HATE,comment toàn người bình thường như anh và tôi chứ chuyên môn con mịa gì. Nói thể chất bằng học sinh cấp 2 là ngáo đá. Trước giờ Việt thua kĩ chiến thuật nữa chứ đâu phải chỉ thể chất. Nói chung thua cũng có nhưng không đến nổi xạo lol như mấy comment trên. Anh đừng nghe mấy thằng lol Hàn Nhật thượng đẳng.,comment toàn người bình thường như anh và tôi chứ chuyên môn con mịịịịa gì. Nói thể chất bằng học sinh cấp 2 là ngáo đá. Trước giờ Việt thua kĩ chiến thuật nữa chứ mô phải chỉ thể chất. Nói chung thua cũng có nhưng không đến nổi xạo lol như mấy comment trên. Anh đừng nghe mấy thằng lol Hàn Nhật thượng đẳng.,"[""expressive_lengthening"", ""dialectal_writing""]",b5308cf66f3056ed,,,,
sv_839a3839dc55a5a723c3a379,tarudesu/VOZ-HSD,train,weak_ai,CLEAN,Ptit đâu,Ptit mô,"[""dialectal_writing""]",b475d4b69c03b34b,,,,
sv_1eab783c2d1de1a2db6a924e,tarudesu/VOZ-HSD,train,weak_ai,HATE,Nói chung nát như này phần nhiều lũ quan chức ăn ngập mặt bỏ qua nhiều lỗi thì có ngày này thôi .,Nói chung nát như này phần nhiiều lũ quan chức ăn ngập mặt bỏ qua nhìu lỗi thì có ngày này thôi .,"[""expressive_lengthening"", ""phonetic_spelling""]",bab01f9a0e0fa3d8,,,,
sv_817e93d22ecc6017aa5592b8,uitnlp/vihsd,train,human,CLEAN,chỉ uoc,chii uoc,"[""diacritic_variation"", ""expressive_lengthening""]",94257c80bf014895,,,,
sv_da281981401b0c5c7d785282,tarudesu/VOZ-HSD,train,weak_ai,CLEAN,Thành quả cả đấy,Thàh quả cả đấy,"[""typographical_noise""]",53a4ab52e50abfdf,,,,
sv_2db4f214d288c8ae77900073,uitnlp/vihsd,train,human,CLEAN,Hợp ní,Hợợợợp ní,"[""expressive_lengthening""]",8bedf5198ef0bea0,,,,
sv_14c9a8b072dc61bf050bf00a,uitnlp/vihsd,test,human,CLEAN,👍😆,👍👍👍👍👍👍😆,"[""expressive_lengthening""]",a12ea91f0e301172,,,,
sv_aea28f75155dc0f2afa8cf76,uitnlp/vihsd,train,human,HATE,"Tan Levan Vì chúng ta ăn bám. Phá hoại nước mỹ. Chúng ta làm sấu mặt nước mỹ gần 50 năm.
Nên mỹ chán nó bỏ thôi.","Tan Levan Vì chúng taaa ăn bám. Phá hoại nước mỹ. Chúng ta làm sấu mặtnước mỹ gần 50 năm.
Nên mỹ chán nó bỏ thui.","[""phonetic_spelling"", ""expressive_lengthening"", ""boundary_variation""]",51b2873b07724e87,,,,
sv_087de9e77ce13fd9c6f9143e,uitnlp/vihsd,train,human,CLEAN,Bọn bạn sau khi tỉnh,Bọn fen sau khi tỉnh,"[""slang_lexical""]",2a6b556673e0faae,,,,
sv_187e9a05e64cb064fc79192c,tarudesu/VOZ-HSD,train,weak_ai,HATE,Ngu thì im. Tông đít auto sai nhưng tông đít thằng cùng làn chứ đéo ai tính tông đít 1 tk từ làn khác.,Ngu thì im. Tông đít auto sai nhưng tông đít thằng cùng làn chứ đéo ai tính tông đíít 1 tk từ làn khác.,"[""expressive_lengthening""]",33fd12425d9837dc,,,,
sv_8d5f56525036213d71b26ce8,tarudesu/VOZ-HSD,train,weak_ai,CLEAN,Vàng vẩu thì mơ đi nhé,Bàng vẩuthì mơ đi nhé,"[""typographical_noise"", ""boundary_variation""]",bd0532acd713454f,,,,
sv_220cd8458ce4de3ce5d91b65,tarudesu/VOZ-HSD,train,weak_ai,HATE,"Đm cđm giờ như đám hồng vệ binh, nhiệt tinh + ngu dốt = phá hoại","Đm cđm giờ như đám hồng vệ binh, nhiệt tinh + ngu dốt = pháááá hoại","[""expressive_lengthening""]",4c025860f483a0d9,,,,
sv_69bb6ce6caac8042c754e6b4,uitnlp/vihsd,train,human,HATE,Dù ai nói ngã nói nghiêng đỷ này vẫn xạo lồn như xưa,Dù ai noi ngã nói nghiêng đỷ này vẫn xạo lồn nhưư xưa,"[""expressive_lengthening"", ""diacritic_variation""]",4d67b04ab27d4ba6,,,,
sv_97cbe4e1bd4348103b7e1091,tarudesu/VOZ-HSD,train,weak_ai,CLEAN,Thủ công thì cast.còn công nghiệp thì chịu,Thủ công thì cast.còn công nghiệp thì chịuuuu,"[""expressive_lengthening""]",7f4e127a351b8bbd,,,,
sv_2161521d8afd90a3df048688,tarudesu/VOZ-HSD,train,weak_ai,HATE,"Có ton tặt chứ thưởng Tết 6 tháng lương. Toàn bọn nghe hơi nồi chõ lại đi đơm đặt lung tung, đéo có việc gì làm thì cũng ngồi yên cho thiên hạ thái bình.","Có ton tặt chứ thưởng Tết 6 tháng lương. Toàn bọn nghe hơi nồi iii chõ lại đi đơm đặt lung tung, đéo có việc gì làm thì cũng ngồi yên cho thiên hạ thái bình.","[""expressive_lengthening"", ""boundary_variation""]",93ec4689d528e744,,,,
sv_05c8c81dd58f7d765a483bda,tarudesu/VOZ-HSD,train,weak_ai,HATE,"thằng cổ nâu h chơi thêm trò nhét chữ vào mồm à, t có thống kê chó đâu mà m lôi ra đc 90% hay thế.","thằng cổ nâu h chơi thêm trò nhét chữ vào mồm à, t có thong kê chó đâu mà m lôi ra đc 90% hay thế.","[""diacritic_variation""]",aa6bd0f9935fb737,,,,
sv_b3bbbc5c61ca60610ee22d5a,uitnlp/vihsd,train,human,CLEAN,addf e vs cụ tổ ơi :v,adf e vs cụ tổ ơi :v,"[""typographical_noise""]",54b4c97e0591b245,,,,
sv_e5839e0ac1ddd2f3772f0339,tarudesu/VOZ-HSD,train,weak_ai,CLEAN,Anh nói cái gì cơ? Tôi gọi @Rapper Wowy. vào đốt nhà bây giờ,Anh nói cáái gì cơ? Tôi gọi @Rapper Wowy. vào đốt nhà bg,"[""expressive_lengthening"", ""context_dependent""]",ae4cccc0ca764dab,,,,
sv_190dd0394b8d9c818ec848e0,uitnlp/vihsd,train,human,CLEAN,Coi zui gần chết,Coooi zui gần chết,"[""expressive_lengthening""]",01163d62b2cfa02d,,,,
sv_097e996c6bfe99dba351e253,tarudesu/VOZ-HSD,train,weak_ai,HATE,"Thằng Anh có suy giảm ảnh hưởng thì có thể nó sẽ thành ngang hàng nhau, kiểu mỗi thằng cắm ở 1 châu lục. Còn bảo ""nhất"" thì chắc khi nào bọn Jew thổ tả chiếm luôn mẽo quốc thì may ra, nhưng một mẽo quốc thổ tả đầy tối màu éo có ai cản thì có khi Jew cũng sẽ bị bọn tối màu đè ra thịt ấy chứ.","Thằng Anh có suy giảm ảnh hưư ởng thì có thể nó sẽ thành ngang hàng nhau, kiểu mỗi thằng cắm ở 1 châu lục. Còn bảo ""nhất"" thì chắc khi nào bọn Jew thổ tả chiếm luôn mẽo quốc thì may ra, nhưng một mẽo quốc thổ tả đầy tối màu éo có ai cản thì có khi Jew cũng sẽ bị bọn tối màu đè ra thịt ấy chứ.","[""expressive_lengthening"", ""boundary_variation""]",00c40cf016ec91f1,,,,
sv_51b6e43e7d90e31de37e0e1a,tarudesu/VOZ-HSD,train,weak_ai,HATE,"Ko phải mà là con milona, bảo các bác lãnh đạo hói đầu do xem sẽ nhiều, bị phạt 10 củ. Phát ngôn max ngu.","Ko phải mà là con milona, bảo các bác lãnh đạo hói đầu do xem sẽ nhiều, bị phạt 10 cu. Phát ngôn max ngu.","[""diacritic_variation""]",3a6a1acdbea24b0f,,,,
sv_b79dfc3f73c84b7d84208958,uitnlp/vihsd,train,human,CLEAN,Tóc em càng dài càng quắn anh thế thôi ha ha :((,Tóc em càng dài càng quắn anh rứa thôi ha ha :((,"[""dialectal_writing""]",4152d27af119ab85,,,,
sv_fa864c8863a03338139e6f03,tarudesu/VOZ-HSD,train,weak_ai,HATE,"Thôi đừng cãi nhau với mấy thằng vừa cùn vừa ngu. Mệt người, thím kệ mẹ nó đi","Thôiđừng cãi nau với mấy thằng vừa cùn vừa ngu. Mệt người, thím kệ mẹ nó đi","[""typographical_noise"", ""boundary_variation""]",6880a56fadec0ee7,,,,
sv_1a12f6f99b191eabf959252a,tarudesu/VOZ-HSD,train,weak_ai,CLEAN,Vấn đề quan trọng nhất vẫn là làm thế nào để đưa nhà ở xã hội đến đúng tay của người cần đến chứ không phải tạo ra bao nhiêu dự án nữa. Vì có tạo ra bao nhiêu dự án thì vẫn không đến tay người cần đến thì tất cả các con số chỉ nằm trên báo cáo cho đẹp. Thành tích thì có mà hiệu quả thì vẫn là không.,Vấn đề quan trọng nhất vẫn là làm thế nào để đưa nhà ở xã hội đến đúng tay của người cần đến chứ không phải tạo ra bao nhiêu dự án nữa. Vì có tạo ra bao nhiêu dự án thì vẫn hổng đến tay người cần đến thitat cả các con số chỉ nằm trên báo cáo cho đẹp. Thành tích thì có mà hiệu quả thì vẫn là không.,"[""dialectal_writing"", ""boundary_variation"", ""diacritic_variation""]",0d985fd714f462d3,,,,
sv_5330d0b41987dbb2d1ea010e,uitnlp/vihsd,train,human,CLEAN,Mỹ Duyên t kể chuyện gì dạ 😏,Mỹ Duyên t kể chuyện j dạ 😏,"[""intentional_spelling""]",3b6dd569abc9be48,,,,
sv_6210031f0a0c9b2cb3d52722,uitnlp/vihsd,validation,human,HATE,đù má thùng rỗng kêu to,đù má tùng rỗ~ng kêu to,"[""surface_obfuscation"", ""typographical_noise""]",bf4fcf54f4cf36c5,,,,
sv_81534427c0d0a21f5fc93a74,tarudesu/VOZ-HSD,train,weak_ai,HATE,Đánh bỏ mẹ nó đi.,Đánh bỏ mẹẹẹẹ nó đi.,"[""expressive_lengthening""]",4c398c02abb42043,,,,
sv_e178960fb54f272a9906f39d,tarudesu/VOZ-HSD,train,weak_ai,CLEAN,"thử lần cuối , không được thì đừng liên lạc nữa","thử lần cuối , không đc thì đừng liiên lac nữa","[""abbreviation_clipping"", ""diacritic_variation"", ""expressive_lengthening""]",b93b493ea5a4af17,,,,
sv_5d5409a97f9aad93a3d00b02,uitnlp/vihsd,validation,human,CLEAN,Tội anh be🤣,Tộiiii anh be🤣,"[""expressive_lengthening""]",a079e674b9e0c51e,,,,
sv_1ebadee706065bf55b8fbc34,uitnlp/vihsd,train,human,CLEAN,"Anh ơi khỏi xin lỗi, em đổi bỉm lấy dao của anh nè!!","Anh ơi khỏi xin lỗi, em đổi bỉm lấy dao củaaaa anh nè!!","[""expressive_lengthening""]",00104444f0134c1b,,,,
sv_7557af4560ae8e9ab837cdec,uitnlp/vihsd,train,human,CLEAN,Trần Thanh Hà Idol của con gái c lun,Trn Thanh Hà IIIIdol của con gái c lun,"[""expressive_lengthening"", ""typographical_noise""]",7693562bde303462,,,,
sv_78d667e9472faa46e2e74ba0,uitnlp/vihsd,train,human,CLEAN,Nghe giang hồ kêu thuốc lào thanh hóa bao phê luôn.,Nghe giang hồ kêu thuuốc lào thanh hóa baaaao p.hê luôn.,"[""typographical_noise"", ""surface_obfuscation"", ""expressive_lengthening""]",02e9b12e8ce8a672,,,,
sv_b08dbcb88a68597bd9d34a16,uitnlp/vihsd,train,human,CLEAN,Bị mất chút đỉnh + bị xin tiền thôi chứ mất hết sao được,Bị mất chút đỉỉỉnh + bị xin tiền thui chứ mất hết sao đưc,"[""typographical_noise"", ""phonetic_spelling"", ""expressive_lengthening""]",b1ded2b86b1bbc4d,,,,
sv_2eae7a26fe718d1611614dd7,tarudesu/VOZ-HSD,train,weak_ai,CLEAN,"Là ny thì phải đón, nó thể hiện sự quan tâm của mình trừ khi quá bận thôi. Còn là gái đang tán thì tự đi grab về, nhingx nhẽo -> cút","Là ny thì phải đón, nó thể hiện sự quan tâm của mình trừừ khi quá bận thôi. Còn là gá~i đang tán thì tự đigrab về, nhingx nhẽo -> cút","[""expressive_lengthening"", ""surface_obfuscation"", ""boundary_variation""]",ca2a31f61d096d16,,,,
sv_56f889a47f1e6ac4056c63b2,tarudesu/VOZ-HSD,train,weak_ai,HATE,Đm bài báo chó chết. Đéo tên đéo địa điểm đéo bệnh viện Lều báo súc vật,Đm b_ài báo chó chết. Đéo tên đéo địađiểm đéo bệh viện Lều báo súc vật,"[""typographical_noise"", ""surface_obfuscation"", ""boundary_variation""]",359f0ce92ee47072,,,,
sv_33dff89547e20dc78126ecc7,tarudesu/VOZ-HSD,train,weak_ai,HATE,chuẩn rồi cty mình uống chúng nó uống hết còn đéo bóp chúng nó lấy 2 tay vặn như vặn cổ chày rồi cười khẩy đm n cậy đô cao khịa vc,chuẩn rồi cty mình uống chúng nóóóó uống hết còn đéo bóp chúng nó lấy 2 tay vặn như vặn cổ chày rồi cười khẩy đm n cậy đô cao khịa vc,"[""expressive_lengthening""]",8f6936b088544e3b,,,,
sv_12e75a075326b4f03d9ea6a3,tarudesu/VOZ-HSD,train,weak_ai,HATE,"mưa thì mưa mẹ đi , sấm chớp cái đ gì k biết đi làm công ty , luật nó bắt đóng thì đóng thôi. chứ thiết tha đéo gì khi đóng cho các ông","mưa thì mưa mẹ đi , sấm chớp cai đ gì k biết đi làm công ty , luật nó bắt đóng thì đóng thôi. chứ thiết tha đéo gì khi đóng cho các ông","[""diacritic_variation""]",af9dbe99e627087a,,,,
sv_614c4fbb693361d905cf67fd,uitnlp/vihsd,train,human,CLEAN,Hãng hàng kem đanhs răng PS xin trân trọng tài trợ răng trắng sáng,Hãng hàng kem đanhs răng PS xin trân trọng tài trợ rang trrắn.g sáng,"[""surface_obfuscation"", ""diacritic_variation"", ""typographical_noise""]",510f379c9a169d3b,,,,
sv_3e34374e4ab9aa95e9871982,tarudesu/VOZ-HSD,train,weak_ai,CLEAN,"dùng viettel đây, nhiều site nước ngoài không vào được chứ không phải mỗi youtube với fb","dung viettel đây, nhiều site nước ngoài kông vào được chứ k phải mỗi youtube với fb","[""diacritic_variation"", ""typographical_noise"", ""abbreviation_clipping""]",32404af6e02bff9a,,,,
sv_1acb194660efdf6ceffbd9a7,tarudesu/VOZ-HSD,train,weak_ai,CLEAN,"Cám ơn thím, em cũng nghĩ chuyện cực như chó kèm thêm bỏ việc đang làm hiện tại để đi cũng hơi mạo hiểm nên vẫn đang suy nghĩ. Số tiền hiện có cũng tạm lo cho tương lai thôi thím. Không được hạng trung lưu đâu. Toàn bị vozer chửi loser thôi.","Cám ơn thím, em cũng nghĩ chu yện cực như chó kèm thêm bỏ việc đang làm hiện tại để đi cũng hơi mạo hiểm nên vẫn đang suy nghĩ. Số tiền hiện có cũng tạm lo cho tương lai thôi thím. Không đc hạng trung lưu đâu. Toàn bị vozer chửi loser thôi.","[""abbreviation_clipping"", ""boundary_variation""]",d039734b5da29d6b,,,,
sv_70a35e322b5caa42be3e13fe,tarudesu/VOZ-HSD,train,weak_ai,CLEAN,Lửng lơ ). Mấy ng thích xe to mà tiền vừa vừa lấy con này ổn áp :v. Đợi hoàn thiện là ngon hehe,Lửg lơ ). Mấy ng thích xe to mà tiền vừa vua lấy con này ổn áp :v. Đợi hoàn thiệ~n là ngon hehe,"[""surface_obfuscation"", ""diacritic_variation"", ""typographical_noise""]",8a2546e480149fca,,,,
sv_1743372451cdce7d5659d0a0,uitnlp/vihsd,train,human,CLEAN,10 lên nghe chị gáy tới 2h sáng lun ei,10 lên nghe chị gáyyy tới 2h sng lun ei,"[""expressive_lengthening"", ""typographical_noise""]",87c5511d493b3341,,,,
sv_710cb7ebfbc080b157c01482,uitnlp/vihsd,train,human,CLEAN,Đau đầu vl :)),Đau đầuuuu vl :)),"[""expressive_lengthening""]",b5a0c13f8c1f2d8e,,,,
sv_654e95777138c85792491548,tarudesu/VOZ-HSD,train,weak_ai,HATE,Lòi ra ngu thế 3 môn 3 đ sao Trường xét đậu TN dc để thi? Móc lại học bạ… cả trường ăn cút theo…nên nói nó sai từ đầu của cả 2,Lòi ra nguuu rứa 3 môn 3 đ sao Trường xét đậu TN dc để thi? Móc lại hoc bạ… cả trường ăn cút theo…nên nói nó sai từ đầu của cả 2,"[""dialectal_writing"", ""diacritic_variation"", ""expressive_lengthening""]",f31261ccaaa78ae2,,,,
sv_5e3b11b17baf817a0bc2a62b,tarudesu/VOZ-HSD,train,weak_ai,CLEAN,Em Min ra bài mới cái thành trend luôn à?,Em Min ra bài mới c.ái thành trend luôôn à?,"[""expressive_lengthening"", ""surface_obfuscation""]",2327c422276be44b,,,,
sv_612583d2177645e5a0700286,tarudesu/VOZ-HSD,train,weak_ai,HATE,Cái tên phèn chết mẹ,Cái têêêên phèn chết mẹ,"[""expressive_lengthening""]",3c1b5884642b51fe,,,,
sv_c2d1318bb301c1ad3536f971,tarudesu/VOZ-HSD,train,weak_ai,HATE,Con mang này cách đây 15 năm bố mẹ đi làm rẫy còn đập được 1 con về thịt. Giờ thì vào rừng đéo có lấy 1 tiếng chim kêu. Bọn người Mông đi tới đâu tận diệt tới đấy,Con mang này ccáh đây 15 năm bố mẹ đi làm rẫẫy còn đập được 1 con về thịt. Giờ thì vào rừng đéo có lấy 1 tiếngchim kêu. Bọn người Mông đi tới đâu tận diệt tới đấy,"[""expressive_lengthening"", ""boundary_variation"", ""typographical_noise""]",de048459f1452eb2,,,,
sv_4140176a5becdff4f2a0ba37,uitnlp/vihsd,train,human,CLEAN,"Chất , cái gì cũng phải có thơ có vần","Chất , cái gì cũng fải cóóóó thơ có vần","[""expressive_lengthening"", ""intentional_spelling""]",5da3a782e1851494,,,,
sv_6ef5458bb99f7a7888e3c400,uitnlp/vihsd,validation,human,CLEAN,Lường Văn Đức như mai thúy ấy,Lường Văn Đức như mai thúúúúy ấy,"[""expressive_lengthening""]",e4303e50915801c3,,,,
sv_0820cb0854f935836846b100,tarudesu/VOZ-HSD,train,weak_ai,HATE,"có th` lo`n bạn chuyên môn ép rượu, éo biết thể hiện gì","có th` lo`n bạn chu yên môn ép rượu, éo biếếếết thể hi.ện gì","[""expressive_lengthening"", ""surface_obfuscation"", ""boundary_variation""]",687ebfb1558643a6,,,,
sv_78aa15ef6bdb767d175bcc56,uitnlp/vihsd,train,human,HATE,Cường Sirô Khắc Đông Lào 🙂,Cường Sirô Khắc Đôôôông Lào 🙂,"[""expressive_lengthening""]",f15bec7e817c388c,,,,
sv_b72ec8b25f4cab902eef35f4,tarudesu/VOZ-HSD,train,weak_ai,CLEAN,"Làm nghề gì vậy thím, giống mình quá.","Làm ngềh gì vậythím, giống mình quá.","[""typographical_noise"", ""boundary_variation""]",43919c327f33fe71,,,,
sv_9cc365e90253e97725e65759,uitnlp/vihsd,validation,human,CLEAN,Anh em đón Tết Corona thế nào rồi :)),Anh em đón Tết Corona rứa nào rồi :)),"[""dialectal_writing""]",5eeac07db6bd1cf6,,,,
sv_6f0e4c3ea9291687615d22d1,tarudesu/VOZ-HSD,train,weak_ai,CLEAN,Vụ đá đà nẵng ấy.,Vu đá đànẵng ấy.,"[""boundary_variation"", ""diacritic_variation""]",f0dab1cd6d631330,,,,
sv_3d7c21bbb32e3222d343ab8d,tarudesu/VOZ-HSD,train,weak_ai,CLEAN,"Như tít Biết đâu chúng ta là những pro, chẳng qua ngoại cảnh có các yếu tố phong ấn năng lực nên phải làm normie","Như tít Bt mô chúng ta là những pro, chẳng qua ngoại cảnh có các yếu tố phong ấn năng lực nên phải làm norie","[""typographical_noise"", ""dialectal_writing"", ""abbreviation_clipping""]",636dc0498121de7e,,,,
sv_68ef8611b9cc60dcaeb87a87,uitnlp/vihsd,train,human,CLEAN,ghê tặng cả Durex genr boii trơn nữa😌,ghêêêê tặng cả Durex genr boii trơn nữa😌,"[""expressive_lengthening""]",dbebe2840ecfa247,,,,
sv_5fef507949b875e97160fc60,tarudesu/VOZ-HSD,train,weak_ai,CLEAN,Này thi chắc thắt lộn & rụng mất 2 trứng cút mới bị thế,Này thichắc th.ắt lộn & rụng mất 2 trứng cút mới bị rứa,"[""dialectal_writing"", ""boundary_variation"", ""surface_obfuscation""]",99ee72e991e234f9,,,,
sv_eef6ec1c98ef3e8f7e14883a,tarudesu/VOZ-HSD,train,weak_ai,HATE,"Qua lắm tiền vãi, đời chỉ thế là cùng Còn thằng ngu nào bảo qua đi mua cái ấn kia làm cc gì, tiền mình mình tiêu, mua về đc cái danh hão chứ làm cc gì","Qua lắm tiền vãi, đời chỉ thế là cùng Còn thằng ngu nao bảo qua đi mua cái ấn kia làm cc gì, tiền mk mình tiêu, mua về đc cái danh hão chứ làm cc gì","[""abbreviation_clipping"", ""diacritic_variation""]",c161c7a7e921283d,,,,
sv_e37b574b4f5af979b6421960,tarudesu/VOZ-HSD,train,weak_ai,CLEAN,quan trọng là cảm giác đẻ từ vợ nó ra thôi. Mà giàu như thằng mark thì đẻ 10 đứa chả lẽ k có đứa trai nào,qu-an trọng là cảm giác đẻ từ vợ nó ra thui. Mà giàu như thằng mark thì đẻ 10 đứa chả lẽ k co đứa trai nào,"[""phonetic_spelling"", ""surface_obfuscation"", ""diacritic_variation""]",a041e842a9c2f138,,,,
sv_dfa6568eda895030282a93e7,uitnlp/vihsd,train,human,HATE,"Con nay kieu ha ,,,mo cua no an cuc nhieu qua ,,,nen len mang sua qua troi ,,do phan quoc ,,,,,,,,mo lon ,,,,,,,,LINH an lon dap chet me no di ,,,,,,,con cho vua gia vua sau","Con nay kieu ha ,,,mo cua no an cuc nhieu qua ,,,nen len mang sua qua troi ,,do phn quuuuoc ,,,,,,,,mo lon ,,,,,,,,LINH an lon dap chet me no di ,,,,,,,con cho vua gia vua sau","[""expressive_lengthening"", ""typographical_noise""]",ee775c6f93f48b3c,,,,
sv_98c3d632a484e8403f842089,tarudesu/VOZ-HSD,train,weak_ai,HATE,"Tôi thấy những xe như này ở bên chỗ phụ xe đó có đầy đủ gương để nhìn phía dưới, đằng sau mà nhỉ. Mù cc gì, mù mà sao ông già tôi lái xe 40 năm ko đâm chết ai . Có mà ẩu lái bừa. Cái đm nó vừa xem hết, nó biết cán rồi còn cố lao lên chẹt con bé bằng bánh sau","Tôi thấy những xe nhưưưư này ở bên chỗ phụ xe đó có đầy đủ gương để nhìn phía dưới, đằng sau mà nhỉ. Mù cc gì, mù mà sao ông già tôi lái xe 40 năm ko đâm chết ai . Có mà ẩu lái bừa. Cái đm nó vừa xem hết, nó bít cán rồi còn cố lao lên chẹt con bé bằng bábh sau","[""phonetic_spelling"", ""expressive_lengthening"", ""typographical_noise""]",cc174d1a479b343e,,,,
sv_070818c5a84ffedbb052eaaf,tarudesu/VOZ-HSD,train,weak_ai,HATE,May cho nó thoát khỏi 1 thằng mặt loz tâm hồn chó dại như mày,May cho nó thoát khỏiii 1 thằng mặt loz tâm hồn chó dại như mày,"[""expressive_lengthening""]",01bfcb6a3bbd4516,,,,
sv_cc840ccca77dfd1f6362b893,tarudesu/VOZ-HSD,train,weak_ai,CLEAN,Mức gió giật khi đổ bộ vậy cũng tương đối mạnh rồi,M-ức gió giật khi do bộ vậy cũng tương đối mạnh rồi,"[""diacritic_variation"", ""surface_obfuscation""]",0beaf2926bf77746,,,,
sv_9fd4f78c89dfecef93456262,tarudesu/VOZ-HSD,train,weak_ai,HATE,lũ thất đức đường liên xã chả kinh doanh con mẹ gì giá 60 1 mét vuông :v,lũ thất đức đường liên xã chả kinh doanh con mẹ gì giá 60 1 mét vuong :v,"[""diacritic_variation""]",4d1160688db73c45,,,,
sv_707f87bf7db3a6c3839bd290,tarudesu/VOZ-HSD,train,weak_ai,CLEAN,"năm nay tui mua vàng tư nhân bị tụi cửa hàng nó ép giá bán lỗ luôn năm trc mua sjc 57.5 bán 61 lãi , ngày thần tài","năm nay tui mua vàng tư nhânbị tụi cửa hàng nó ép giá bán lỗ lôn năm trc mua sjc 57.5 bán 61 lãi , ngày thần tài","[""typographical_noise"", ""boundary_variation""]",8cc5a180cce68197,,,,
sv_1d9e5c68e42012dd500d6943,uitnlp/vihsd,train,human,HATE,Sảm sì đú,S_ảm sì du,"[""surface_obfuscation"", ""diacritic_variation""]",c15f5982ba1368c9,,,,
